feature,on_all_four_panels,x_braf,n_braf,pct_braf,x_ctrl,n_ctrl,pct_ctrl,prev_ratio,pr_lo,pr_hi,odds_ratio,p,q
KRAS_MUT,True,0,260,0.0,2532,5342,47.4,,,,0.0,7.398599206169393e-71,5.371383023678979e-68
APC_MUT,True,81,260,31.15,4256,5342,79.67,0.391,0.326,0.469,0.115,5.260927126967856e-60,1.9097165470893318e-57
RNF43_MUT,True,58,260,22.31,124,5342,2.32,9.61,7.221,12.791,12.083,1.2279225043397202e-34,2.971572460502123e-32
TCF7L2_MUT,False,2,251,0.8,617,5183,11.9,0.067,0.017,0.267,0.059,3.363681713179388e-11,6.10508230942059e-09
AKT1_MUT,True,15,260,5.77,41,5342,0.77,7.517,4.216,13.401,7.916,1.961019966836168e-08,2.847400991846116e-06
BCL2L1_AMP,True,0,260,0.0,334,5342,6.25,,,,0.0,1.2660096192233026e-07,1.531871639260196e-05
ASXL1_AMP,True,0,260,0.0,272,5342,5.09,,,,0.0,4.03616449442619e-06,0.00041860791756477344
DNMT3B_AMP,True,0,260,0.0,253,5342,4.74,,,,0.0,8.957295338344574e-06,0.0008128745519547701
PAX5_AMP,True,5,260,1.92,3,5342,0.06,34.244,8.228,142.517,34.895,1.0349858680645231e-05,0.0008348886002387154
TGFBR2_MUT,True,15,260,5.77,75,5342,1.4,4.109,2.394,7.053,4.3,1.329020284324046e-05,0.0009396197577866762
SRC_AMP,True,0,260,0.0,247,5342,4.62,,,,0.0,1.4236662996767821e-05,0.0009396197577866762
EPHA5_MUT,True,24,260,9.23,177,5342,3.31,2.786,1.853,4.189,2.968,1.5682435779439013e-05,0.0009487873646560602
RNF43_HOMDEL_OR_DEEP,True,6,260,2.31,8,5342,0.15,15.41,5.386,44.087,15.75,2.0689066656922625e-05,0.0011554047994558328
BMPR1A_MUT,True,11,260,4.23,42,5342,0.79,5.381,2.803,10.329,5.575,2.335722518108355e-05,0.0012112389629619041
PGR_MUT,False,13,251,5.18,63,5183,1.22,4.261,2.377,7.637,4.439,3.597251446949333e-05,0.001741069700323477
NRAS_MUT,True,0,260,0.0,221,5342,4.14,,,,0.0,4.8683210808939506e-05,0.00220900069045563
TOP1_AMP,True,0,260,0.0,192,5342,3.59,,,,0.0,0.00016043040534429243,0.006851322016468018
MYC_AMP,True,27,260,10.38,251,5342,4.7,2.21,1.516,3.222,2.35,0.00020266315588729773,0.008174080620787675
SMAD4_MUT,True,60,260,23.08,779,5342,14.58,1.583,1.256,1.994,1.757,0.00035301522614255215,0.013488897588394362
AMER1_MUT,True,3,260,1.15,296,5342,5.54,0.208,0.067,0.645,0.199,0.0005869173542442264,0.021305099959065415
FOXL2_MUT,True,5,260,1.92,13,5342,0.24,7.902,2.839,22.0,8.038,0.0010785210174105416,0.03700417593474798
NKX2-1_MUT,True,7,260,2.69,29,5342,0.54,4.959,2.193,11.215,5.069,0.0011213386646893328,0.03700417593474798
MGA_MUT,False,15,251,5.98,119,5183,2.3,2.603,1.545,4.386,2.705,0.0011976242372287243,0.03780326940121973
ZNRF3_HOMDEL_OR_DEEP,False,3,90,3.33,3,1951,0.15,21.678,4.437,105.912,22.391,0.0015063884314381853,0.04258830207858996
PTPRT_AMP,True,1,260,0.38,194,5342,3.63,0.106,0.015,0.753,0.102,0.0015091457901275642,0.04258830207858996
KMT2C_MUT,True,1,260,0.38,196,5342,3.67,0.105,0.015,0.745,0.101,0.001525200900886142,0.04258830207858996
SOX9_MUT,True,11,260,4.23,521,5342,9.75,0.434,0.242,0.778,0.409,0.00159638349556651,0.042924978436343936
INSR_AMP,True,4,260,1.54,8,5342,0.15,10.273,3.114,33.896,10.418,0.0016699688115992747,0.04329990561503834
CTNNB1_MUT,True,4,260,1.54,295,5342,5.52,0.279,0.105,0.741,0.267,0.0026587867502542496,0.06656135105808915
PTEN_MUT,True,19,260,7.31,183,5342,3.43,2.133,1.352,3.365,2.223,0.003075617057127493,0.07442993278248533
ERBB2_AMP,True,1,260,0.38,168,5342,3.14,0.122,0.017,0.87,0.119,0.004731563675129211,0.11081016864980023
RTEL1_AMP,False,4,211,1.9,274,4469,6.13,0.309,0.116,0.822,0.296,0.006811800419120094,0.15454272200878713
IDH1_MUT,True,6,260,2.31,32,5342,0.6,3.852,1.625,9.131,3.92,0.007445279278832349,0.15932088620244225
CARM1_MUT,False,4,211,1.9,14,4469,0.31,6.051,2.009,18.227,6.149,0.007461308720224568,0.15932088620244225
NCOA3_AMP,False,2,251,0.8,196,5183,3.78,0.211,0.053,0.844,0.204,0.00861878036425697,0.1780388708084425
DIS3_AMP,True,9,260,3.46,68,5342,1.27,2.719,1.372,5.389,2.781,0.008828373759096323,0.1780388708084425
AKT2_AMP,True,6,260,2.31,35,5342,0.66,3.522,1.495,8.299,3.582,0.010800228515721292,0.2119179973625313
RAB35_MUT,False,3,251,1.2,8,5183,0.15,7.744,2.067,29.012,7.825,0.012192062956647043,0.2329325712243619
AURKA_AMP,True,2,260,0.77,189,5342,3.54,0.217,0.054,0.871,0.211,0.012610026864691119,0.23474050009655775
ETV6_MUT,True,6,260,2.31,37,5342,0.69,3.332,1.419,7.823,3.387,0.013558125605425167,0.2460799797384668
MAX_MUT,True,4,260,1.54,17,5342,0.32,4.834,1.638,14.265,4.894,0.014527472181134855,0.24969815016527203
SOX2_MUT,True,4,260,1.54,17,5342,0.32,4.834,1.638,14.265,4.894,0.014527472181134855,0.24969815016527203
GATA2_MUT,True,5,260,1.92,27,5342,0.51,3.805,1.477,9.8,3.86,0.01491551496844054,0.24969815016527203
RECQL4_AMP,True,15,260,5.77,156,5342,2.92,1.976,1.18,3.306,2.035,0.0151332212221377,0.24969815016527203
PTPRS_MUT,True,21,260,8.08,247,5342,4.62,1.747,1.139,2.679,1.812,0.01638218618094225,0.2642992703858683
HNF1A_MUT,True,5,260,1.92,28,5342,0.52,3.669,1.428,9.425,3.721,0.016931562962450946,0.26632602561475033
NOTCH3_MUT,True,14,260,5.38,142,5342,2.66,2.026,1.187,3.458,2.084,0.017843764533168202,0.26632602561475033
PTPRD_MUT,True,11,260,4.23,101,5342,1.89,2.238,1.216,4.117,2.292,0.018913745963749753,0.26632602561475033
TCF7L2_AMP,False,2,251,0.8,3,5183,0.06,13.766,2.311,82.02,13.869,0.019371991501984764,0.26632602561475033
AKT1_AMP,True,2,260,0.77,3,5342,0.06,13.697,2.299,81.622,13.796,0.019551420079791562,0.26632602561475033
HRAS_AMP,True,2,260,0.77,3,5342,0.06,13.697,2.299,81.622,13.796,0.019551420079791562,0.26632602561475033
PTPRD_HOMDEL_OR_DEEP,True,2,260,0.77,3,5342,0.06,13.697,2.299,81.622,13.796,0.019551420079791562,0.26632602561475033
SDHA_AMP,True,4,260,1.54,19,5342,0.36,4.326,1.482,12.623,4.377,0.019991128579620012,0.26632602561475033
CD274_MUT,True,3,260,1.15,10,5342,0.19,6.164,1.707,22.263,6.224,0.019994636310628606,0.26632602561475033
TSHR_MUT,True,7,260,2.69,53,5342,0.99,2.714,1.246,5.91,2.761,0.02017621406172351,0.26632602561475033
MSI1_MUT,False,4,211,1.9,21,4469,0.47,4.034,1.397,11.648,4.093,0.024118125708538777,0.31267427257855623
IL7R_AMP,True,3,260,1.15,11,5342,0.21,5.603,1.573,19.964,5.657,0.024592041584706247,0.3132249507104691
FOXO1_AMP,False,7,251,2.79,56,5183,1.08,2.581,1.189,5.605,2.627,0.025110140101955548,0.31430968472447807
CD274_AMP,True,2,260,0.77,4,5342,0.07,10.273,1.89,55.833,10.345,0.028436787338878756,0.3406295861602132
RPS6KB2_AMP,True,2,260,0.77,4,5342,0.07,10.273,1.89,55.833,10.345,0.028436787338878756,0.3406295861602132
SOX17_MUT,True,10,260,3.85,94,5342,1.76,2.186,1.153,4.145,2.233,0.028620392225582655,0.3406295861602132
EIF4A2_MUT,False,4,251,1.59,22,5183,0.42,3.754,1.304,10.813,3.799,0.029817459678517715,0.3490441121760246
YES1_MUT,True,4,260,1.54,22,5342,0.41,3.736,1.297,10.762,3.778,0.03028895188304346,0.3490441121760246
CYSLTR2_AMP,False,5,211,2.37,35,4469,0.78,3.026,1.198,7.644,3.075,0.03235448313578762,0.3670211680715908
CYP19A1_MUT,False,2,90,2.22,5,1951,0.26,8.671,1.705,44.088,8.845,0.03494759041995395,0.3847198605594098
AGO2_AMP,False,12,211,5.69,129,4469,2.89,1.97,1.108,3.502,2.029,0.03497453277812816,0.3847198605594098
CTLA4_MUT,True,3,260,1.15,14,5342,0.26,4.403,1.273,15.225,4.442,0.04148267601681298,0.4494988475851675
GNAS_MUT,True,9,260,3.46,87,5342,1.63,2.125,1.082,4.174,2.166,0.04325894925058139,0.4617213082270686
CDK12_AMP,True,1,260,0.38,118,5342,2.21,0.174,0.024,1.242,0.171,0.04439033713425574,0.4617213082270686
PREX2_MUT,False,14,211,6.64,169,4469,3.78,1.755,1.036,2.973,1.808,0.04451858343787163,0.4617213082270686
PTEN_HOMDEL_OR_DEEP,True,7,260,2.69,64,5342,1.2,2.247,1.04,4.855,2.282,0.045348737469106705,0.4637068084869221
ERBB2_MUT,True,2,260,0.77,153,5342,2.86,0.269,0.067,1.078,0.263,0.0491932258815193,0.4960316943053196
CDKN2B_HOMDEL_OR_DEEP,True,6,260,2.31,52,5342,0.97,2.371,1.028,5.469,2.403,0.05078402168257672,0.5023042503308076
EGFR_AMP,True,0,260,0.0,78,5342,1.46,,,,0.0,0.05119905581884265,0.5023042503308076
MYC_MUT,True,4,260,1.54,27,5342,0.51,3.044,1.073,8.635,3.076,0.053297209931971616,0.5159169921414853
EPHA7_MUT,False,11,251,4.38,121,5183,2.33,1.877,1.026,3.435,1.917,0.054336893560685925,0.5190603253297104
CDKN2A_HOMDEL_OR_DEEP,True,6,260,2.31,54,5342,1.01,2.283,0.991,5.258,2.313,0.05824187957046274,0.5334313061007011
ERCC5_AMP,True,6,260,2.31,54,5342,1.01,2.283,0.991,5.258,2.313,0.05824187957046274,0.5334313061007011
ERF_MUT,False,3,211,1.42,17,4469,0.38,3.738,1.104,12.655,3.777,0.05850232944816646,0.5334313061007011
CCNE1_AMP,True,4,260,1.54,28,5342,0.52,2.935,1.037,8.306,2.965,0.05878030921219847,0.5334313061007011
PTPRT_MUT,True,23,260,8.85,316,5342,5.92,1.495,0.998,2.241,1.544,0.061182107229243395,0.5429796147395648
IFNGR1_AMP,True,2,260,0.77,7,5342,0.13,5.87,1.226,28.12,5.908,0.06226566070787628,0.5429796147395648
TNFAIP3_AMP,True,2,260,0.77,7,5342,0.13,5.87,1.226,28.12,5.908,0.06226566070787628,0.5429796147395648
ELF3_MUT,False,1,211,0.47,110,4469,2.46,0.193,0.027,1.372,0.189,0.06282408765581741,0.5429796147395648
RECQL4_MUT,True,6,260,2.31,56,5342,1.05,2.201,0.957,5.062,2.23,0.0663223987462381,0.5537357628247274
RICTOR_MUT,True,6,260,2.31,56,5342,1.05,2.201,0.957,5.062,2.23,0.0663223987462381,0.5537357628247274
ERBB3_MUT,True,3,260,1.15,175,5342,3.28,0.352,0.113,1.095,0.345,0.06685835400904219,0.5537357628247274
ARID2_MUT,True,10,260,3.85,107,5342,2.0,1.92,1.017,3.627,1.957,0.06900802286484788,0.5537357628247274
ZNRF3_MUT,False,3,90,3.33,19,1951,0.97,3.423,1.032,11.355,3.506,0.069658830173802,0.5537357628247274
FANCA_MUT,True,6,260,2.31,57,5342,1.07,2.163,0.941,4.97,2.19,0.07059649313708438,0.5537357628247274
AR_MUT,True,12,260,4.62,137,5342,2.56,1.8,1.011,3.204,1.838,0.0706768399070224,0.5537357628247274
SMAD4_HOMDEL_OR_DEEP,True,14,260,5.38,170,5342,3.18,1.692,0.995,2.876,1.731,0.07087999706801168,0.5537357628247274
KLF5_AMP,False,5,90,5.56,46,1951,2.36,2.356,0.959,5.786,2.436,0.07093309358498573,0.5537357628247274
KDR_MUT,True,12,260,4.62,139,5342,2.6,1.774,0.997,3.157,1.811,0.07257591677040742,0.5605331444182531
PALB2_MUT,True,5,260,1.92,44,5342,0.82,2.335,0.934,5.839,2.361,0.07515756943729943,0.564385200246403
PRKN_HOMDEL_OR_DEEP,True,0,260,0.0,67,5342,1.25,,,,0.0,0.07523566582419189,0.564385200246403
ETV1_AMP,True,2,260,0.77,8,5342,0.15,5.137,1.096,24.068,5.169,0.07550690588843552,0.564385200246403
KMT2A_MUT,True,10,260,3.85,112,5342,2.1,1.834,0.972,3.461,1.868,0.07618422813243457,0.564385200246403
RARA_AMP,True,0,260,0.0,70,5342,1.31,,,,0.0,0.07764781384754936,0.5694173015486953
INHA_MUT,False,3,251,1.2,19,5183,0.37,3.26,0.971,10.945,3.288,0.07848758797832876,0.5698198887226669
FOXP1_MUT,True,0,260,0.0,72,5342,1.35,,,,0.0,0.08026563166628227,0.5730115642550496
RB1_AMP,True,5,260,1.92,45,5342,0.84,2.283,0.914,5.703,2.308,0.08050575696145326,0.5730115642550496
MTAP_HOMDEL_OR_DEEP,False,2,90,2.22,9,1951,0.46,4.817,1.056,21.972,4.904,0.08165593699004539,0.5752699355990614
NEGR1_MUT,False,4,251,1.59,32,5183,0.62,2.581,0.92,7.242,2.607,0.08240781446598125,0.5752699355990614
MAPK3_MUT,False,2,251,0.8,9,5183,0.17,4.589,0.997,21.127,4.618,0.08879963270481046,0.6132686732196406
SMAD2_AMP,True,2,260,0.77,9,5342,0.17,4.566,0.991,21.025,4.593,0.08954060518082907,0.6132686732196406
NKX3-1_HOMDEL_OR_DEEP,True,3,260,1.15,167,5342,3.13,0.369,0.119,1.148,0.362,0.09147441818158153,0.6206582018675533
RBM10_MUT,True,2,260,0.77,130,5342,2.43,0.316,0.079,1.27,0.311,0.09273432260786486,0.6233807241973138
IRS2_AMP,True,9,260,3.46,99,5342,1.85,1.868,0.955,3.654,1.899,0.09808061979750128,0.6532709171833572
ATR_MUT,True,9,260,3.46,100,5342,1.87,1.849,0.946,3.616,1.88,0.09965365938301722,0.6577141519279137
ARID1A_MUT,True,9,260,3.46,321,5342,6.01,0.576,0.301,1.104,0.561,0.1040109476637643,0.6640054698740063
RIT1_MUT,True,2,260,0.77,10,5342,0.19,4.109,0.905,18.659,4.133,0.10426532171575308,0.6640054698740063
TGFBR2_HOMDEL_OR_DEEP,True,2,260,0.77,10,5342,0.19,4.109,0.905,18.659,4.133,0.10426532171575308,0.6640054698740063
TNFRSF14_MUT,True,2,260,0.77,10,5342,0.19,4.109,0.905,18.659,4.133,0.10426532171575308,0.6640054698740063
MEF2B_MUT,True,3,260,1.15,22,5342,0.41,2.802,0.844,9.301,2.823,0.10729517297349832,0.6719579158913913
BCOR_MUT,True,9,260,3.46,104,5342,1.95,1.778,0.91,3.473,1.806,0.10736517664380357,0.6719579158913913
CSF3R_MUT,False,5,251,1.99,50,5183,0.96,2.065,0.831,5.133,2.087,0.10847691156615016,0.6731131435643164
IKBKE_MUT,True,4,260,1.54,36,5342,0.67,2.283,0.819,6.366,2.303,0.11264212260206553,0.6930354322805049
PNRC1_MUT,True,2,260,0.77,11,5342,0.21,3.736,0.832,16.767,3.757,0.11958726451568272,0.7295828070452577
PGBD5_MUT,False,2,90,2.22,12,1951,0.62,3.613,0.821,15.903,3.672,0.124155307730405,0.7511396117689503
POLE_MUT,True,9,260,3.46,111,5342,2.08,1.666,0.854,3.248,1.69,0.12607312520675887,0.7564387512405533
KMT2B_AMP,False,2,211,0.95,12,4469,0.27,3.53,0.795,15.672,3.554,0.1290834245778589,0.766445982023307
RECQL_MUT,False,3,211,1.42,25,4469,0.56,2.542,0.774,8.351,2.564,0.12985241844196524,0.766445982023307
CTR9_MUT,False,3,90,3.33,26,1951,1.33,2.501,0.771,8.11,2.553,0.13298075055910974,0.7785808460154329
FOXO1_MUT,False,3,251,1.2,25,5183,0.48,2.478,0.753,8.152,2.496,0.13697174022964223,0.7955318672537621
TAP2_MUT,False,3,211,1.42,26,4469,0.58,2.444,0.746,8.01,2.465,0.14028972586693803,0.8083360395190239
KEAP1_MUT,True,3,260,1.15,26,5342,0.49,2.371,0.722,7.782,2.387,0.14939765418368744,0.8511138287629074
CD276_MUT,True,2,260,0.77,13,5342,0.24,3.161,0.717,13.935,3.178,0.15168300197017573,0.8511138287629074
YAP1_MUT,True,2,260,0.77,13,5342,0.24,3.161,0.717,13.935,3.178,0.15168300197017573,0.8511138287629074
MST1R_MUT,False,4,251,1.59,41,5183,0.79,2.015,0.727,5.58,2.031,0.15240330267104402,0.8511138287629074
RTEL1_MUT,False,4,211,1.9,43,4469,0.96,1.97,0.714,5.438,1.989,0.16011370942000921,0.8806601189791535
RRAGC_AMP,False,2,211,0.95,14,4469,0.31,3.026,0.692,13.228,3.045,0.16070116889858593,0.8806601189791535
TGFBR1_MUT,True,6,260,2.31,69,5342,1.29,1.787,0.783,4.076,1.805,0.1613330520994868,0.8806601189791535
EPHB1_MUT,True,11,260,4.23,142,5342,2.66,1.592,0.873,2.902,1.618,0.16702646931720444,0.9049344531663465
VEGFA_AMP,False,4,251,1.59,43,5183,0.83,1.921,0.695,5.309,1.936,0.170320693324722,0.912293654634533
JAK2_MUT,True,0,260,0.0,49,5342,0.92,,,,0.0,0.1715880828262795,0.912293654634533
IGF1_MUT,True,3,260,1.15,28,5342,0.52,2.201,0.674,7.194,2.215,0.17215458772029066,0.912293654634533
BTK_MUT,True,3,260,1.15,29,5342,0.54,2.125,0.652,6.932,2.139,0.18388296135884732,0.9252762832824392
SUZ12_MUT,True,3,260,1.15,29,5342,0.54,2.125,0.652,6.932,2.139,0.18388296135884732,0.9252762832824392
TP53_MUT,True,213,260,81.92,4185,5342,78.34,1.046,0.986,1.109,1.253,0.18866019574062623,0.9252762832824392
BRIP1_MUT,True,5,260,1.92,53,5342,0.99,1.938,0.781,4.808,1.957,0.19277743602658895,0.9252762832824392
PPP4R2_MUT,False,2,211,0.95,16,4469,0.36,2.648,0.613,11.44,2.663,0.19353085653619806,0.9252762832824392
TSC2_MUT,True,7,260,2.69,83,5342,1.55,1.733,0.809,3.71,1.753,0.19637437608824296,0.9252762832824392
RAD21_AMP,False,5,251,1.99,55,5183,1.06,1.877,0.758,4.648,1.895,0.1999196654278976,0.9252762832824392
CEBPA_AMP,False,2,251,0.8,16,5183,0.31,2.581,0.597,11.165,2.594,0.20087402714951022,0.9252762832824392
RAD52_MUT,True,2,260,0.77,16,5342,0.3,2.568,0.594,11.111,2.58,0.20234889494329164,0.9252762832824392
RICTOR_AMP,True,2,260,0.77,16,5342,0.3,2.568,0.594,11.111,2.58,0.20234889494329164,0.9252762832824392
ATXN7_MUT,False,2,90,2.22,17,1951,0.87,2.55,0.598,10.871,2.586,0.20308978902067654,0.9252762832824392
PDCD1LG2_AMP,False,1,211,0.47,4,4469,0.09,5.295,0.594,47.17,5.315,0.20607648497486478,0.9252762832824392
ARID1B_MUT,True,9,260,3.46,122,5342,2.28,1.516,0.779,2.949,1.534,0.20630940338182907,0.9252762832824392
BAP1_MUT,True,3,260,1.15,31,5342,0.58,1.988,0.612,6.461,2.0,0.20793269904920827,0.9252762832824392
CDKN1B_MUT,True,3,260,1.15,31,5342,0.58,1.988,0.612,6.461,2.0,0.20793269904920827,0.9252762832824392
PARP1_MUT,True,3,260,1.15,31,5342,0.58,1.988,0.612,6.461,2.0,0.20793269904920827,0.9252762832824392
EPHA7_HOMDEL_OR_DEEP,False,1,251,0.4,4,5183,0.08,5.162,0.579,46.02,5.179,0.2106508461277585,0.9252762832824392
H3C4_AMP,False,1,251,0.4,4,5183,0.08,5.162,0.579,46.02,5.179,0.2106508461277585,0.9252762832824392
H3C6_AMP,False,1,251,0.4,4,5183,0.08,5.162,0.579,46.02,5.179,0.2106508461277585,0.9252762832824392
H3C7_AMP,False,1,251,0.4,4,5183,0.08,5.162,0.579,46.02,5.179,0.2106508461277585,0.9252762832824392
H3C8_AMP,False,1,251,0.4,4,5183,0.08,5.162,0.579,46.02,5.179,0.2106508461277585,0.9252762832824392
ZRSR2_HOMDEL_OR_DEEP,False,1,251,0.4,4,5183,0.08,5.162,0.579,46.02,5.179,0.2106508461277585,0.9252762832824392
EIF1AX_HOMDEL_OR_DEEP,True,1,260,0.38,4,5342,0.07,5.137,0.576,45.796,5.153,0.21156454962105356,0.9252762832824392
ICOSLG_HOMDEL_OR_DEEP,True,1,260,0.38,4,5342,0.07,5.137,0.576,45.796,5.153,0.21156454962105356,0.9252762832824392
JAK2_AMP,True,1,260,0.38,4,5342,0.07,5.137,0.576,45.796,5.153,0.21156454962105356,0.9252762832824392
MAP3K1_HOMDEL_OR_DEEP,True,1,260,0.38,4,5342,0.07,5.137,0.576,45.796,5.153,0.21156454962105356,0.9252762832824392
PIK3C3_AMP,True,1,260,0.38,4,5342,0.07,5.137,0.576,45.796,5.153,0.21156454962105356,0.9252762832824392
PIM1_AMP,True,1,260,0.38,4,5342,0.07,5.137,0.576,45.796,5.153,0.21156454962105356,0.9252762832824392
U2AF1_HOMDEL_OR_DEEP,True,1,260,0.38,4,5342,0.07,5.137,0.576,45.796,5.153,0.21156454962105356,0.9252762832824392
DUSP4_HOMDEL_OR_DEEP,False,3,211,1.42,135,4469,3.02,0.471,0.151,1.465,0.463,0.2148242086390981,0.9339064399520073
RAD50_MUT,True,5,260,1.92,60,5342,1.12,1.712,0.693,4.227,1.726,0.22723364877256477,0.9799989003587942
GRIN2A_MUT,True,13,260,5.0,188,5342,3.52,1.421,0.821,2.458,1.443,0.22812646578600032,0.9799989003587942
IGF2_AMP,True,2,260,0.77,18,5342,0.34,2.283,0.533,9.787,2.293,0.23707812039769804,1.0
LATS1_MUT,True,5,260,1.92,62,5342,1.16,1.657,0.672,4.086,1.67,0.2393480818320852,1.0
TSC1_MUT,True,5,260,1.92,62,5342,1.16,1.657,0.672,4.086,1.67,0.2393480818320852,1.0
COP1_MUT,True,3,260,1.15,34,5342,0.64,1.813,0.56,5.864,1.822,0.24518137480501012,1.0
MTOR_MUT,True,10,260,3.85,145,5342,2.71,1.417,0.756,2.657,1.434,0.24726653536475396,1.0
AXIN1_HOMDEL_OR_DEEP,True,1,260,0.38,5,5342,0.09,4.109,0.482,35.047,4.121,0.24819010207671371,1.0
INPP4B_AMP,True,1,260,0.38,5,5342,0.09,4.109,0.482,35.047,4.121,0.24819010207671371,1.0
MRE11_AMP,True,1,260,0.38,5,5342,0.09,4.109,0.482,35.047,4.121,0.24819010207671371,1.0
DNMT3A_MUT,True,3,260,1.15,35,5342,0.66,1.761,0.545,5.689,1.77,0.25783194736859866,1.0
KDM5A_MUT,True,5,260,1.92,65,5342,1.22,1.58,0.642,3.891,1.592,0.2590845291789088,1.0
BCL6_MUT,True,0,260,0.0,40,5342,0.75,,,,0.0,0.26105576291261,1.0
EZH2_MUT,True,0,260,0.0,40,5342,0.75,,,,0.0,0.26105576291261,1.0
PRKCI_MUT,False,2,211,0.95,20,4469,0.45,2.118,0.498,9.002,2.129,0.2610707511404303,1.0
GNAS_AMP,True,7,260,2.69,229,5342,4.29,0.628,0.299,1.319,0.618,0.26720766672460555,1.0
TCF3_MUT,False,0,251,0.0,44,5183,0.85,,,,0.0,0.267503607811744,1.0
H3C3_MUT,False,2,251,0.8,20,5183,0.39,2.065,0.485,8.786,2.073,0.27025011385583053,1.0
STAT5B_MUT,False,2,251,0.8,20,5183,0.39,2.065,0.485,8.786,2.073,0.27025011385583053,1.0
GNB1_MUT,False,1,90,1.11,6,1951,0.31,3.613,0.44,29.696,3.642,0.27105750033695547,1.0
U2AF1_MUT,True,2,260,0.77,20,5342,0.37,2.055,0.483,8.744,2.063,0.27208881747780816,1.0
SESN3_AMP,False,1,211,0.47,6,4469,0.13,3.53,0.427,29.19,3.542,0.2761319388536451,1.0
ARID5B_MUT,True,4,260,1.54,43,5342,0.8,1.911,0.691,5.284,1.926,0.27852379929152693,1.0
NSD1_MUT,True,6,260,2.31,76,5342,1.42,1.622,0.713,3.689,1.637,0.2792963886894367,1.0
ID3_HOMDEL_OR_DEEP,False,1,251,0.4,6,5183,0.12,3.442,0.416,28.479,3.451,0.2819582805818884,1.0
VEGFA_MUT,False,1,251,0.4,6,5183,0.12,3.442,0.416,28.479,3.451,0.2819582805818884,1.0
JAK1_MUT,True,4,260,1.54,44,5342,0.82,1.868,0.676,5.159,1.881,0.28286352576080653,1.0
MITF_MUT,True,4,260,1.54,44,5342,0.82,1.868,0.676,5.159,1.881,0.28286352576080653,1.0
EIF1AX_MUT,True,1,260,0.38,6,5342,0.11,3.424,0.414,28.341,3.434,0.28312051192041077,1.0
NRAS_AMP,True,1,260,0.38,6,5342,0.11,3.424,0.414,28.341,3.434,0.28312051192041077,1.0
RUNX1_HOMDEL_OR_DEEP,True,1,260,0.38,6,5342,0.11,3.424,0.414,28.341,3.434,0.28312051192041077,1.0
ARHGAP35_MUT,False,2,90,2.22,22,1951,1.13,1.971,0.471,8.252,1.993,0.2861358392548607,1.0
FBXW7_MUT,True,26,260,10.0,665,5342,12.45,0.803,0.554,1.165,0.781,0.28746547971129455,1.0
CDH1_MUT,True,4,260,1.54,45,5342,0.84,1.826,0.662,5.04,1.839,0.28759779112978334,1.0
MYCN_MUT,True,2,260,0.77,21,5342,0.39,1.957,0.461,8.301,1.964,0.28959258656210196,1.0
ASXL1_MUT,True,3,260,1.15,129,5342,2.41,0.478,0.153,1.491,0.472,0.2898348920815025,1.0
CASP8_MUT,True,4,260,1.54,47,5342,0.88,1.749,0.635,4.817,1.76,0.29816604475897185,1.0
CREBBP_MUT,True,9,260,3.46,129,5342,2.41,1.433,0.738,2.785,1.449,0.30016526205801985,1.0
MET_AMP,True,2,260,0.77,22,5342,0.41,1.868,0.442,7.901,1.875,0.3070457287976293,1.0
RARA_MUT,True,2,260,0.77,22,5342,0.41,1.868,0.442,7.901,1.875,0.3070457287976293,1.0
NSD2_HOMDEL_OR_DEEP,False,1,211,0.47,7,4469,0.16,3.026,0.374,24.482,3.035,0.3088167582199217,1.0
PDCD1LG2_MUT,False,1,211,0.47,7,4469,0.16,3.026,0.374,24.482,3.035,0.3088167582199217,1.0
PRKCI_AMP,False,1,211,0.47,7,4469,0.16,3.026,0.374,24.482,3.035,0.3088167582199217,1.0
SESN2_HOMDEL_OR_DEEP,False,1,211,0.47,7,4469,0.16,3.026,0.374,24.482,3.035,0.3088167582199217,1.0
PIK3CB_MUT,True,4,260,1.54,49,5342,0.92,1.677,0.61,4.612,1.688,0.3100654170296356,1.0
DNAJB1_AMP,False,1,251,0.4,7,5183,0.14,2.95,0.364,23.886,2.958,0.3151678754902539,1.0
BMPR1A_HOMDEL_OR_DEEP,True,1,260,0.38,7,5342,0.13,2.935,0.362,23.769,2.943,0.3164339465727777,1.0
FGFR3_HOMDEL_OR_DEEP,True,1,260,0.38,7,5342,0.13,2.935,0.362,23.769,2.943,0.3164339465727777,1.0
PIK3CA_AMP,True,1,260,0.38,7,5342,0.13,2.935,0.362,23.769,2.943,0.3164339465727777,1.0
SOCS1_AMP,True,1,260,0.38,7,5342,0.13,2.935,0.362,23.769,2.943,0.3164339465727777,1.0
FUBP1_MUT,True,2,260,0.77,23,5342,0.43,1.787,0.423,7.537,1.793,0.3244153423471099,1.0
FLT1_MUT,True,2,260,0.77,91,5342,1.7,0.452,0.112,1.823,0.447,0.32571238165273764,1.0
PIK3CG_MUT,True,4,260,1.54,150,5342,2.81,0.548,0.205,1.467,0.541,0.32715975251171603,1.0
MAP2K4_MUT,True,2,260,0.77,96,5342,1.8,0.428,0.106,1.727,0.424,0.3281262178860518,1.0
TAP1_MUT,False,2,211,0.95,24,4469,0.54,1.765,0.42,7.419,1.772,0.3288447753204219,1.0
NSD3_MUT,False,4,211,1.9,54,4469,1.21,1.569,0.574,4.291,1.58,0.33236001794431647,1.0
MDC1_MUT,True,4,260,1.54,53,5342,0.99,1.551,0.566,4.252,1.559,0.3372431769971879,1.0
ZFHX3_MUT,False,10,251,3.98,152,5183,2.93,1.359,0.726,2.544,1.373,0.3382758108818286,1.0
PDCD1_MUT,True,2,260,0.77,24,5342,0.45,1.712,0.407,7.206,1.718,0.3416716656553095,1.0
TERT_AMP,True,2,260,0.77,24,5342,0.45,1.712,0.407,7.206,1.718,0.3416716656553095,1.0
NEGR1_HOMDEL_OR_DEEP,False,1,251,0.4,8,5183,0.15,2.581,0.324,20.559,2.587,0.34684735637069547,1.0
PGR_AMP,False,1,251,0.4,8,5183,0.15,2.581,0.324,20.559,2.587,0.34684735637069547,1.0
CBFB_MUT,True,1,260,0.38,8,5342,0.15,2.568,0.322,20.458,2.574,0.348204982306016,1.0
CTNNB1_HOMDEL_OR_DEEP,True,1,260,0.38,8,5342,0.15,2.568,0.322,20.458,2.574,0.348204982306016,1.0
FBXW7_HOMDEL_OR_DEEP,True,1,260,0.38,8,5342,0.15,2.568,0.322,20.458,2.574,0.348204982306016,1.0
MDM2_AMP,True,1,260,0.38,8,5342,0.15,2.568,0.322,20.458,2.574,0.348204982306016,1.0
TP53_HOMDEL_OR_DEEP,True,2,260,0.77,25,5342,0.47,1.644,0.391,6.902,1.649,0.3587878587039155,1.0
FLT1_AMP,True,15,260,5.77,243,5342,4.55,1.268,0.764,2.104,1.285,0.36119972532655986,1.0
NADK_MUT,False,1,90,1.11,9,1951,0.46,2.409,0.308,18.807,2.424,0.3636449020902336,1.0
FLT3_MUT,True,4,260,1.54,57,5342,1.07,1.442,0.527,3.943,1.449,0.3679812414396528,1.0
DROSHA_MUT,False,1,211,0.47,68,4469,1.52,0.311,0.043,2.232,0.308,0.3731989447836151,1.0
STK11_MUT,True,2,260,0.77,26,5342,0.49,1.58,0.377,6.623,1.585,0.3757397976986425,1.0
BIRC3_AMP,False,1,251,0.4,9,5183,0.17,2.294,0.292,18.04,2.3,0.3770669533389406,1.0
CXCR4_HOMDEL_OR_DEEP,False,1,251,0.4,9,5183,0.17,2.294,0.292,18.04,2.3,0.3770669533389406,1.0
CCND1_MUT,True,1,260,0.38,9,5342,0.17,2.283,0.29,17.952,2.288,0.3785047685787387,1.0
CDKN1B_HOMDEL_OR_DEEP,True,1,260,0.38,9,5342,0.17,2.283,0.29,17.952,2.288,0.3785047685787387,1.0
EPCAM_MUT,True,1,260,0.38,9,5342,0.17,2.283,0.29,17.952,2.288,0.3785047685787387,1.0
GREM1_MUT,True,1,260,0.38,9,5342,0.17,2.283,0.29,17.952,2.288,0.3785047685787387,1.0
TMEM127_MUT,True,1,260,0.38,9,5342,0.17,2.283,0.29,17.952,2.288,0.3785047685787387,1.0
IGF1R_MUT,True,5,260,1.92,66,5342,1.24,1.557,0.632,3.831,1.567,0.38337007703233184,1.0
PIK3R1_MUT,True,6,260,2.31,185,5342,3.46,0.666,0.298,1.488,0.658,0.3838662149070308,1.0
PTCH1_MUT,True,5,260,1.92,68,5342,1.27,1.511,0.614,3.714,1.521,0.3900514074343072,1.0
NUP93_MUT,False,2,251,0.8,27,5183,0.52,1.53,0.366,6.396,1.534,0.39019522044499266,1.0
SCG5_MUT,False,1,90,1.11,10,1951,0.51,2.168,0.281,16.751,2.181,0.3918437986006586,1.0
FGFR3_MUT,True,2,260,0.77,27,5342,0.51,1.522,0.364,6.366,1.526,0.39250588240550327,1.0
SDHA_MUT,True,2,260,0.77,27,5342,0.51,1.522,0.364,6.366,1.526,0.39250588240550327,1.0
AXL_MUT,True,5,260,1.92,69,5342,1.29,1.489,0.606,3.659,1.498,0.3937850166457574,1.0
KLF5_MUT,False,0,90,0.0,32,1951,1.64,,,,0.0,0.3981620204785953,1.0
BCL2_HOMDEL_OR_DEEP,True,0,260,0.0,30,5342,0.56,,,,0.0,0.40008090396914736,1.0
NBN_AMP,True,0,260,0.0,30,5342,0.56,,,,0.0,0.40008090396914736,1.0
PMAIP1_HOMDEL_OR_DEEP,True,0,260,0.0,30,5342,0.56,,,,0.0,0.40008090396914736,1.0
CYLD_AMP,False,0,211,0.0,32,4469,0.72,,,,0.0,0.4004946993908266,1.0
MLH1_MUT,True,0,260,0.0,32,5342,0.6,,,,0.0,0.40148662646047145,1.0
TERT_MUT,True,8,260,3.08,125,5342,2.34,1.315,0.65,2.658,1.325,0.40306760923768453,1.0
APC_HOMDEL_OR_DEEP,True,0,260,0.0,33,5342,0.62,,,,0.0,0.40326222541123924,1.0
DAXX_MUT,True,0,260,0.0,34,5342,0.64,,,,0.0,0.40569387655045136,1.0
INHBA_AMP,False,1,251,0.4,10,5183,0.19,2.065,0.265,16.068,2.069,0.405893685402913,1.0
MAPK1_AMP,True,1,260,0.38,10,5342,0.19,2.055,0.264,15.99,2.059,0.40740118491753513,1.0
YAP1_AMP,True,1,260,0.38,10,5342,0.19,2.055,0.264,15.99,2.059,0.40740118491753513,1.0
FYN_MUT,False,0,251,0.0,35,5183,0.68,,,,0.0,0.40819083332694084,1.0
SMARCB1_MUT,True,0,260,0.0,35,5342,0.66,,,,0.0,0.40873910917771605,1.0
CSDE1_MUT,False,0,211,0.0,38,4469,0.85,,,,0.0,0.41609594489739654,1.0
ERCC2_MUT,True,0,260,0.0,37,5342,0.69,,,,0.0,0.4165079118819246,1.0
AXIN2_MUT,True,4,260,1.54,139,5342,2.6,0.591,0.221,1.585,0.585,0.41721606594268024,1.0
FLT4_MUT,True,9,260,3.46,138,5342,2.58,1.34,0.691,2.6,1.352,0.421968967601111,1.0
ALOX12B_MUT,True,3,260,1.15,36,5342,0.67,1.712,0.531,5.523,1.72,0.4262587302397466,1.0
CCND3_AMP,True,3,260,1.15,36,5342,0.67,1.712,0.531,5.523,1.72,0.4262587302397466,1.0
TOP1_MUT,True,3,260,1.15,36,5342,0.67,1.712,0.531,5.523,1.72,0.4262587302397466,1.0
H3C12_MUT,False,1,251,0.4,11,5183,0.21,1.877,0.243,14.484,1.881,0.4333915067115459,1.0
RHEB_MUT,False,1,251,0.4,11,5183,0.21,1.877,0.243,14.484,1.881,0.4333915067115459,1.0
PMS2_AMP,True,1,260,0.38,11,5342,0.21,1.868,0.242,14.413,1.871,0.43495899066155486,1.0
RAC1_AMP,True,1,260,0.38,11,5342,0.21,1.868,0.242,14.413,1.871,0.43495899066155486,1.0
SMARCA2_MUT,False,3,90,3.33,40,1951,2.05,1.626,0.513,5.156,1.647,0.43497153530381233,1.0
TP53BP1_MUT,False,2,211,0.95,87,4469,1.95,0.487,0.121,1.965,0.482,0.438372802160522,1.0
INHBA_MUT,False,2,251,0.8,86,5183,1.66,0.48,0.119,1.94,0.476,0.4397088980441612,1.0
LATS2_AMP,True,9,260,3.46,147,5342,2.75,1.258,0.649,2.437,1.267,0.4408999478119697,1.0
LATS2_MUT,True,2,260,0.77,87,5342,1.63,0.472,0.117,1.908,0.468,0.4413690891313257,1.0
MAP3K1_MUT,True,2,260,0.77,87,5342,1.63,0.472,0.117,1.908,0.468,0.4413690891313257,1.0
SOS1_MUT,False,3,211,1.42,40,4469,0.9,1.589,0.495,5.093,1.597,0.4424545587654004,1.0
ERG_MUT,True,3,260,1.15,39,5342,0.73,1.58,0.492,5.081,1.587,0.4439813552860758,1.0
RUNX1_MUT,True,3,260,1.15,39,5342,0.73,1.58,0.492,5.081,1.587,0.4439813552860758,1.0
CCNQ_MUT,False,1,211,0.47,12,4469,0.27,1.765,0.231,13.511,1.769,0.4514753498699413,1.0
RRAS_MUT,False,1,211,0.47,12,4469,0.27,1.765,0.231,13.511,1.769,0.4514753498699413,1.0
ESR1_MUT,True,6,260,2.31,90,5342,1.68,1.37,0.605,3.101,1.378,0.4559061575976867,1.0
ALK_MUT,True,10,260,3.85,161,5342,3.01,1.276,0.682,2.388,1.287,0.4565684299050162,1.0
H3C8_MUT,False,1,251,0.4,12,5183,0.23,1.721,0.225,13.182,1.724,0.45962144617966677,1.0
CRKL_MUT,True,1,260,0.38,12,5342,0.22,1.712,0.223,13.118,1.715,0.46123996783671334,1.0
ICOSLG_MUT,True,1,260,0.38,12,5342,0.22,1.712,0.223,13.118,1.715,0.46123996783671334,1.0
PDPK1_MUT,True,1,260,0.38,12,5342,0.22,1.712,0.223,13.118,1.715,0.46123996783671334,1.0
RAD51D_MUT,True,1,260,0.38,12,5342,0.22,1.712,0.223,13.118,1.715,0.46123996783671334,1.0
SH2D1A_MUT,True,1,260,0.38,12,5342,0.22,1.712,0.223,13.118,1.715,0.46123996783671334,1.0
RET_MUT,True,6,260,2.31,92,5342,1.72,1.34,0.592,3.031,1.348,0.461899307582779,1.0
BLM_MUT,True,3,260,1.15,42,5342,0.79,1.468,0.458,4.704,1.473,0.46465541517647485,1.0
NBN_MUT,True,3,260,1.15,42,5342,0.79,1.468,0.458,4.704,1.473,0.46465541517647485,1.0
FOXF1_MUT,False,1,90,1.11,13,1951,0.67,1.668,0.221,12.608,1.675,0.46923483001304495,1.0
PIK3R2_MUT,True,3,260,1.15,43,5342,0.8,1.433,0.448,4.59,1.439,0.4720685098386253,1.0
PRDM1_MUT,True,3,260,1.15,43,5342,0.8,1.433,0.448,4.59,1.439,0.4720685098386253,1.0
BRCA2_AMP,True,6,260,2.31,96,5342,1.8,1.284,0.568,2.902,1.291,0.47597704369232724,1.0
KMT2D_MUT,True,11,260,4.23,180,5342,3.37,1.256,0.692,2.278,1.267,0.48065263967207456,1.0
CD79A_MUT,False,1,251,0.4,13,5183,0.25,1.588,0.209,12.095,1.591,0.48464174078087796,1.0
H3-4_MUT,False,1,251,0.4,13,5183,0.25,1.588,0.209,12.095,1.591,0.48464174078087796,1.0
ARID1A_HOMDEL_OR_DEEP,True,1,260,0.38,13,5342,0.24,1.58,0.208,12.036,1.583,0.4863030575442055,1.0
CARD11_AMP,True,1,260,0.38,13,5342,0.24,1.58,0.208,12.036,1.583,0.4863030575442055,1.0
CRKL_AMP,True,1,260,0.38,13,5342,0.24,1.58,0.208,12.036,1.583,0.4863030575442055,1.0
FGF3_MUT,True,3,260,1.15,45,5342,0.84,1.37,0.429,4.378,1.374,0.48752259664648373,1.0
MYOD1_MUT,True,3,260,1.15,45,5342,0.84,1.37,0.429,4.378,1.374,0.48752259664648373,1.0
PTPN11_MUT,True,3,260,1.15,45,5342,0.84,1.37,0.429,4.378,1.374,0.48752259664648373,1.0
ERBB4_MUT,True,11,260,4.23,186,5342,3.48,1.215,0.67,2.204,1.225,0.4893718144667799,1.0
INPPL1_MUT,False,3,211,1.42,47,4469,1.05,1.352,0.424,4.308,1.357,0.49200564193655355,1.0
ATM_MUT,True,17,260,6.54,302,5342,5.65,1.157,0.721,1.855,1.168,0.49498236592008593,1.0
AKT3_MUT,True,3,260,1.15,46,5342,0.86,1.34,0.42,4.28,1.344,0.4955163920045803,1.0
FGFR1_HOMDEL_OR_DEEP,True,3,260,1.15,46,5342,0.86,1.34,0.42,4.28,1.344,0.4955163920045803,1.0
ANKRD11_MUT,False,7,251,2.79,111,5183,2.14,1.302,0.613,2.766,1.311,0.5006759346784381,1.0
FLCN_MUT,True,3,260,1.15,47,5342,0.88,1.311,0.411,4.186,1.315,0.5036585496171613,1.0
MAP2K4_HOMDEL_OR_DEEP,True,3,260,1.15,47,5342,0.88,1.311,0.411,4.186,1.315,0.5036585496171613,1.0
DNAJB1_MUT,False,1,251,0.4,14,5183,0.27,1.475,0.195,11.173,1.477,0.5085079627453256,1.0
STAT5A_MUT,False,1,251,0.4,14,5183,0.27,1.475,0.195,11.173,1.477,0.5085079627453256,1.0
LMO1_MUT,True,1,260,0.38,14,5342,0.26,1.468,0.194,11.118,1.469,0.5102044900818469,1.0
MCL1_MUT,True,1,260,0.38,14,5342,0.26,1.468,0.194,11.118,1.469,0.5102044900818469,1.0
SDHB_MUT,True,1,260,0.38,14,5342,0.26,1.468,0.194,11.118,1.469,0.5102044900818469,1.0
DIS3_MUT,True,3,260,1.15,48,5342,0.9,1.284,0.403,4.095,1.287,0.5119284065138998,1.0
SMAD3_HOMDEL_OR_DEEP,True,1,260,0.38,51,5342,0.95,0.403,0.056,2.904,0.401,0.5173445646918925,1.0
INPP4B_MUT,True,1,260,0.38,52,5342,0.97,0.395,0.055,2.847,0.393,0.5174048211931045,1.0
SF3B1_MUT,True,1,260,0.38,53,5342,0.99,0.388,0.054,2.792,0.385,0.517856654151057,1.0
ERCC5_MUT,True,1,260,0.38,54,5342,1.01,0.38,0.053,2.74,0.378,0.5186853762781699,1.0
PIK3C2G_MUT,True,7,260,2.69,119,5342,2.23,1.209,0.57,2.564,1.214,0.5240720200590332,1.0
NTRK2_MUT,True,1,260,0.38,58,5342,1.09,0.354,0.049,2.548,0.352,0.5254732472758846,1.0
CDKN2A_MUT,True,1,260,0.38,59,5342,1.1,0.348,0.048,2.504,0.346,0.5279645768200817,1.0
XRCC2_MUT,False,1,251,0.4,15,5183,0.29,1.377,0.183,10.381,1.378,0.5312731410768311,1.0
CCNE1_MUT,True,1,260,0.38,15,5342,0.28,1.37,0.182,10.33,1.371,0.5329979091938714,1.0
CDK6_AMP,True,1,260,0.38,15,5342,0.28,1.37,0.182,10.33,1.371,0.5329979091938714,1.0
MPL_AMP,True,1,260,0.38,15,5342,0.28,1.37,0.182,10.33,1.371,0.5329979091938714,1.0
B2M_MUT,True,4,260,1.54,59,5342,1.1,1.393,0.51,3.805,1.399,0.5371117776089601,1.0
KNSTRN_MUT,False,1,211,0.47,16,4469,0.36,1.324,0.176,9.935,1.325,0.5441738647370841,1.0
BRCA1_MUT,True,4,260,1.54,62,5342,1.16,1.326,0.486,3.616,1.331,0.5484721320001286,1.0
BCOR_AMP,True,1,260,0.38,16,5342,0.3,1.284,0.171,9.646,1.285,0.5547344905839227,1.0
CDK6_MUT,True,1,260,0.38,16,5342,0.3,1.284,0.171,9.646,1.285,0.5547344905839227,1.0
IDH2_MUT,True,1,260,0.38,16,5342,0.3,1.284,0.171,9.646,1.285,0.5547344905839227,1.0
NTRK1_MUT,True,4,260,1.54,64,5342,1.2,1.284,0.471,3.499,1.289,0.5570937520965915,1.0
REST_MUT,False,1,90,1.11,17,1951,0.87,1.275,0.172,9.476,1.278,0.5574665504224547,1.0
BRCA2_MUT,True,5,260,1.92,151,5342,2.83,0.68,0.282,1.644,0.674,0.5596840471848845,1.0
PIK3CD_MUT,True,4,260,1.54,66,5342,1.24,1.245,0.457,3.39,1.249,0.5664330915882156,1.0
CXCR4_MUT,False,1,251,0.4,17,5183,0.33,1.215,0.162,9.091,1.216,0.5737004568666652,1.0
NFKBIA_MUT,False,1,251,0.4,17,5183,0.33,1.215,0.162,9.091,1.216,0.5737004568666652,1.0
CHEK1_MUT,True,1,260,0.38,17,5342,0.32,1.209,0.161,9.047,1.209,0.5754630550335497,1.0
DCUN1D1_MUT,True,1,260,0.38,17,5342,0.32,1.209,0.161,9.047,1.209,0.5754630550335497,1.0
MDM2_MUT,True,1,260,0.38,17,5342,0.32,1.209,0.161,9.047,1.209,0.5754630550335497,1.0
PAK1_MUT,True,1,260,0.38,17,5342,0.32,1.209,0.161,9.047,1.209,0.5754630550335497,1.0
ETAA1_MUT,False,1,90,1.11,18,1951,0.92,1.204,0.163,8.922,1.207,0.5771541482786003,1.0
GLI1_MUT,False,2,251,0.8,72,5183,1.39,0.574,0.142,2.324,0.57,0.5837356076963165,1.0
IRS2_MUT,True,2,260,0.77,73,5342,1.37,0.563,0.139,2.281,0.56,0.5838258499183955,1.0
KDM6A_MUT,True,2,260,0.77,73,5342,1.37,0.563,0.139,2.281,0.56,0.5838258499183955,1.0
IRS1_MUT,True,2,260,0.77,75,5342,1.4,0.548,0.135,2.219,0.544,0.5847171947081493,1.0
RASA1_MUT,True,2,260,0.77,77,5342,1.44,0.534,0.132,2.16,0.53,0.5865476658896251,1.0
TET2_MUT,True,2,260,0.77,80,5342,1.5,0.514,0.127,2.078,0.51,0.590928485032408,1.0
CCND2_MUT,True,1,260,0.38,18,5342,0.34,1.141,0.153,8.518,1.142,0.5952301763949136,1.0
MYCL_AMP,True,1,260,0.38,18,5342,0.34,1.141,0.153,8.518,1.142,0.5952301763949136,1.0
LYN_MUT,False,1,211,0.47,19,4469,0.43,1.115,0.15,8.288,1.115,0.6033063984138006,1.0
TRAF2_MUT,False,1,251,0.4,19,5183,0.37,1.087,0.146,8.086,1.087,0.6123013310102756,1.0
MYD88_MUT,True,1,260,0.38,19,5342,0.36,1.081,0.145,8.047,1.082,0.6140802846033901,1.0
PIK3CA_MUT,True,42,260,16.15,938,5342,17.56,0.92,0.693,1.221,0.905,0.6162196925920035,1.0
CSF1R_AMP,True,0,260,0.0,21,5342,0.39,,,,0.0,0.6225149326312304,1.0
FGF4_MUT,True,0,260,0.0,21,5342,0.39,,,,0.0,0.6225149326312304,1.0
FLCN_HOMDEL_OR_DEEP,True,0,260,0.0,21,5342,0.39,,,,0.0,0.6225149326312304,1.0
IGF2_MUT,True,0,260,0.0,22,5342,0.41,,,,0.0,0.6228917703113355,1.0
MEN1_MUT,True,0,260,0.0,22,5342,0.41,,,,0.0,0.6228917703113355,1.0
PAK5_AMP,True,0,260,0.0,22,5342,0.41,,,,0.0,0.6228917703113355,1.0
BIRC3_MUT,False,0,251,0.0,23,5183,0.44,,,,0.0,0.6239012185407571,1.0
RAD51C_MUT,True,0,260,0.0,23,5342,0.43,,,,0.0,0.6240498820926924,1.0
REL_MUT,True,0,260,0.0,23,5342,0.43,,,,0.0,0.6240498820926924,1.0
CDKN2B_MUT,True,0,260,0.0,24,5342,0.45,,,,0.0,0.6259161992989163,1.0
E2F3_MUT,True,0,260,0.0,24,5342,0.45,,,,0.0,0.6259161992989163,1.0
PDGFRB_AMP,True,0,260,0.0,24,5342,0.45,,,,0.0,0.6259161992989163,1.0
TBX3_MUT,True,5,260,1.92,90,5342,1.68,1.141,0.468,2.785,1.144,0.6279714251093684,1.0
ZRSR2_MUT,False,0,251,0.0,25,5183,0.48,,,,0.0,0.6281028410532435,1.0
IFNGR1_MUT,True,0,260,0.0,25,5342,0.47,,,,0.0,0.6284227217174705,1.0
LZTR1_MUT,False,0,90,0.0,27,1951,1.38,,,,0.0,0.6294178335103895,1.0
SETDB1_MUT,False,0,90,0.0,27,1951,1.38,,,,0.0,0.6294178335103895,1.0
HGF_MUT,True,3,260,1.15,98,5342,1.83,0.629,0.201,1.971,0.625,0.630376887252053,1.0
MALT1_MUT,False,0,251,0.0,26,5183,0.5,,,,0.0,0.6311033202556728,1.0
PBRM1_MUT,True,3,260,1.15,99,5342,1.85,0.623,0.199,1.95,0.618,0.631320115737473,1.0
PIK3R3_MUT,True,0,260,0.0,26,5342,0.49,,,,0.0,0.6315062068283828,1.0
SRC_MUT,True,0,260,0.0,26,5342,0.49,,,,0.0,0.6315062068283828,1.0
NFE2L2_MUT,True,0,260,0.0,27,5342,0.51,,,,0.0,0.6351078767955683,1.0
XIAP_MUT,True,0,260,0.0,27,5342,0.51,,,,0.0,0.6351078767955683,1.0
WWTR1_MUT,False,0,211,0.0,28,4469,0.63,,,,0.0,0.635913022542037,1.0
NTRK3_MUT,True,6,260,2.31,100,5342,1.87,1.233,0.546,2.783,1.238,0.6366024249025449,1.0
ERCC3_MUT,True,0,260,0.0,29,5342,0.54,,,,0.0,0.6436513422575015,1.0
CYSLTR2_MUT,False,0,211,0.0,30,4469,0.67,,,,0.0,0.6443345732195941,1.0
STAT3_MUT,False,2,251,0.8,28,5183,0.54,1.475,0.353,6.157,1.479,0.6477849506280025,1.0
IKZF1_MUT,True,6,260,2.31,106,5342,1.98,1.163,0.516,2.622,1.167,0.6485622145996156,1.0
ALB_MUT,False,2,90,2.22,30,1951,1.54,1.445,0.351,5.953,1.455,0.649710420038357,1.0
NF2_MUT,True,2,260,0.77,29,5342,0.54,1.417,0.34,5.906,1.42,0.6536620847776863,1.0
MPL_MUT,True,2,260,0.77,30,5342,0.56,1.37,0.329,5.701,1.373,0.6591108089605104,1.0
SLFN11_MUT,False,2,90,2.22,32,1951,1.64,1.355,0.33,5.565,1.363,0.6600706095358992,1.0
KMT2B_MUT,False,4,211,1.9,119,4469,2.66,0.712,0.265,1.91,0.706,0.6601746674636808,1.0
MED12_MUT,True,4,260,1.54,114,5342,2.13,0.721,0.268,1.939,0.717,0.6605275202071583,1.0
PMS2_MUT,True,2,260,0.77,31,5342,0.58,1.326,0.319,5.509,1.328,0.6648044081649073,1.0
EP300_MUT,True,7,260,2.69,121,5342,2.27,1.189,0.561,2.521,1.194,0.6674443606410617,1.0
MAPK3_AMP,False,2,251,0.8,33,5183,0.64,1.251,0.302,5.186,1.253,0.6757641267660452,1.0
RAD21_MUT,False,2,251,0.8,33,5183,0.64,1.251,0.302,5.186,1.253,0.6757641267660452,1.0
PIK3C3_MUT,True,2,260,0.77,33,5342,0.62,1.245,0.3,5.161,1.247,0.6767911790241606,1.0
PLK2_MUT,True,2,260,0.77,33,5342,0.62,1.245,0.3,5.161,1.247,0.6767911790241606,1.0
ARAF_MUT,True,2,260,0.77,34,5342,0.64,1.209,0.292,5.003,1.21,0.6830232893637915,1.0
CHEK2_MUT,True,2,260,0.77,34,5342,0.64,1.209,0.292,5.003,1.21,0.6830232893637915,1.0
FGF3_AMP,True,2,260,0.77,34,5342,0.64,1.209,0.292,5.003,1.21,0.6830232893637915,1.0
ELOC_AMP,False,2,251,0.8,35,5183,0.68,1.18,0.285,4.878,1.181,0.6882474853304822,1.0
TRAF7_MUT,True,2,260,0.77,35,5342,0.66,1.174,0.284,4.855,1.175,0.6893778200829181,1.0
YES1_AMP,True,2,260,0.77,35,5342,0.66,1.174,0.284,4.855,1.175,0.6893778200829181,1.0
PPM1D_MUT,False,2,251,0.8,36,5183,0.69,1.147,0.278,4.738,1.148,0.6946530488210182,1.0
PRDM14_MUT,False,2,211,0.95,37,4469,0.83,1.145,0.278,4.718,1.146,0.6950729637583413,1.0
NF1_MUT,True,6,260,2.31,154,5342,2.88,0.8,0.358,1.792,0.796,0.7055021066892709,1.0
CYLD_MUT,False,2,211,0.95,39,4469,0.87,1.086,0.264,4.468,1.087,0.70779266756475,1.0
FGF4_AMP,True,2,260,0.77,38,5342,0.71,1.081,0.262,4.458,1.082,0.7089379861896387,1.0
FGFR4_MUT,True,2,260,0.77,38,5342,0.71,1.081,0.262,4.458,1.082,0.7089379861896387,1.0
AGO2_MUT,False,2,211,0.95,40,4469,0.9,1.059,0.258,4.353,1.06,0.714216039170625,1.0
FGF19_AMP,True,2,260,0.77,39,5342,0.73,1.054,0.256,4.34,1.054,0.7155538644942515,1.0
HLA-A_MUT,False,2,251,0.8,40,5183,0.77,1.032,0.251,4.248,1.033,0.7208567217109619,1.0
HLA-B_MUT,False,1,211,0.47,43,4469,0.96,0.493,0.068,3.56,0.49,0.7216836220560627,1.0
INSR_MUT,True,1,260,0.38,42,5342,0.79,0.489,0.068,3.541,0.487,0.7217624553187558,1.0
XPO1_MUT,True,1,260,0.38,42,5342,0.79,0.489,0.068,3.541,0.487,0.7217624553187558,1.0
ERCC4_MUT,True,1,260,0.38,41,5342,0.77,0.501,0.069,3.629,0.499,0.7217941861076507,1.0
NSD2_MUT,False,1,211,0.47,44,4469,0.98,0.481,0.067,3.477,0.479,0.7218693077865754,1.0
CARD11_MUT,True,7,260,2.69,175,5342,3.28,0.822,0.39,1.731,0.817,0.7219602317131532,1.0
IL7R_MUT,True,1,260,0.38,43,5342,0.8,0.478,0.066,3.456,0.476,0.7220413149327398,1.0
MSH3_MUT,False,1,211,0.47,46,4469,1.03,0.46,0.064,3.323,0.458,0.7230774432219635,1.0
IRF4_MUT,True,1,260,0.38,46,5342,0.86,0.447,0.062,3.226,0.445,0.7245927473914503,1.0
SH2B3_MUT,False,1,251,0.4,47,5183,0.91,0.439,0.061,3.172,0.437,0.7256204253104828,1.0
NCOA3_MUT,False,1,251,0.4,48,5183,0.93,0.43,0.06,3.104,0.428,0.7271693125509129,1.0
INPP4A_MUT,True,1,260,0.38,50,5342,0.94,0.411,0.057,2.963,0.409,0.7314527899536767,1.0
MAP2K1_MUT,True,1,260,0.38,50,5342,0.94,0.411,0.057,2.963,0.409,0.7314527899536767,1.0
RPTOR_MUT,True,3,260,1.15,49,5342,0.92,1.258,0.395,4.009,1.261,0.7336917315676337,1.0
CSF1R_MUT,True,3,260,1.15,52,5342,0.97,1.185,0.373,3.77,1.188,0.7414546751187809,1.0
SMAD2_MUT,True,11,260,4.23,210,5342,3.93,1.076,0.595,1.948,1.08,0.7444237897299794,1.0
KDM5C_MUT,True,3,260,1.15,57,5342,1.07,1.081,0.341,3.43,1.082,0.757158842451595,1.0
DNMT1_MUT,True,3,260,1.15,58,5342,1.09,1.063,0.335,3.369,1.063,0.7606152913504792,1.0
NOTCH2_MUT,True,3,260,1.15,58,5342,1.09,1.063,0.335,3.369,1.063,0.7606152913504792,1.0
DDR2_MUT,True,3,260,1.15,60,5342,1.12,1.027,0.324,3.254,1.028,0.7677644765708592,1.0
PAK5_MUT,True,3,260,1.15,60,5342,1.12,1.027,0.324,3.254,1.028,0.7677644765708592,1.0
TEK_MUT,False,2,211,0.95,65,4469,1.45,0.652,0.161,2.644,0.648,0.7691518568238774,1.0
MSH6_MUT,True,2,260,0.77,63,5342,1.18,0.652,0.16,2.651,0.65,0.7692930940974667,1.0
KRAS_AMP,True,2,260,0.77,66,5342,1.24,0.623,0.153,2.528,0.62,0.7704796984308471,1.0
CDK8_MUT,True,2,260,0.77,68,5342,1.27,0.604,0.149,2.452,0.601,0.7720489723666561,1.0
BRD4_MUT,True,4,260,1.54,70,5342,1.31,1.174,0.432,3.191,1.177,0.7768428540368676,1.0
RB1_MUT,True,4,260,1.54,70,5342,1.31,1.174,0.432,3.191,1.177,0.7768428540368676,1.0
SMO_MUT,True,4,260,1.54,70,5342,1.31,1.174,0.432,3.191,1.177,0.7768428540368676,1.0
DOT1L_MUT,True,4,260,1.54,71,5342,1.33,1.158,0.426,3.145,1.16,0.7783516272550395,1.0
FLT3_AMP,True,15,260,5.77,291,5342,5.45,1.059,0.64,1.753,1.063,0.7798410109476525,1.0
CIC_MUT,True,4,260,1.54,74,5342,1.39,1.111,0.409,3.014,1.112,0.7835290731306481,1.0
SLX4_MUT,False,4,211,1.9,77,4469,1.72,1.1,0.407,2.978,1.102,0.7846893788415711,1.0
PRKD1_MUT,False,3,211,1.42,94,4469,2.1,0.676,0.216,2.116,0.671,0.8020542285253274,1.0
SPEN_MUT,True,5,260,1.92,92,5342,1.72,1.117,0.458,2.723,1.119,0.8050525901629337,1.0
NOTCH1_MUT,True,5,260,1.92,95,5342,1.78,1.081,0.444,2.635,1.083,0.8087496451249482,1.0
NSD3_AMP,False,5,211,2.37,99,4469,2.22,1.07,0.44,2.599,1.071,0.8099613750246407,1.0
TET1_MUT,True,5,260,1.92,97,5342,1.82,1.059,0.435,2.579,1.06,0.8115754299147245,1.0
KDM5A_AMP,True,4,260,1.54,104,5342,1.95,0.79,0.293,2.129,0.787,0.818581950962583,1.0
PDGFRA_MUT,True,4,260,1.54,107,5342,2.0,0.768,0.285,2.068,0.764,0.8191319591920165,1.0
ROS1_MUT,True,4,260,1.54,110,5342,2.06,0.747,0.278,2.01,0.743,0.8203769179658486,1.0
NCOR1_MUT,True,4,260,1.54,111,5342,2.08,0.74,0.275,1.992,0.736,0.820937793773513,1.0
PLCG2_MUT,False,7,251,2.79,135,5183,2.6,1.071,0.506,2.265,1.073,0.8381921547327745,1.0
ATRX_MUT,True,7,260,2.69,142,5342,2.66,1.013,0.479,2.141,1.013,0.8450324640553157,1.0
CCND2_AMP,True,6,260,2.31,146,5342,2.73,0.844,0.377,1.892,0.841,0.8453869064013642,1.0
FAT1_MUT,True,7,260,2.69,164,5342,3.07,0.877,0.416,1.849,0.874,0.8548231179404043,1.0
EPHA3_MUT,True,7,260,2.69,172,5342,3.22,0.836,0.397,1.762,0.832,0.8558400160510018,1.0
MALT1_HOMDEL_OR_DEEP,False,1,251,0.4,28,5183,0.54,0.737,0.101,5.399,0.736,0.9999999999943666,1.0
H2BC5_MUT,True,0,260,0.0,15,5342,0.28,,,,0.0,0.9999999999944789,1.0
PAK5_HOMDEL_OR_DEEP,True,0,260,0.0,15,5342,0.28,,,,0.0,0.9999999999944789,1.0
PIK3C2G_AMP,True,0,260,0.0,15,5342,0.28,,,,0.0,0.9999999999944789,1.0
SOX9_HOMDEL_OR_DEEP,True,0,260,0.0,15,5342,0.28,,,,0.0,0.9999999999944789,1.0
SPOP_MUT,True,0,260,0.0,15,5342,0.28,,,,0.0,0.9999999999944789,1.0
H3-3A_MUT,False,0,251,0.0,10,5183,0.19,,,,0.0,0.9999999999958845,1.0
H3C10_MUT,False,0,251,0.0,10,5183,0.19,,,,0.0,0.9999999999958845,1.0
HOXB13_MUT,False,0,251,0.0,10,5183,0.19,,,,0.0,0.9999999999958845,1.0
CD79B_MUT,True,0,260,0.0,16,5342,0.3,,,,0.0,0.9999999999964427,1.0
CDKN1B_AMP,True,0,260,0.0,16,5342,0.3,,,,0.0,0.9999999999964427,1.0
GPS2_MUT,False,0,251,0.0,15,5183,0.29,,,,0.0,0.9999999999970666,1.0
CALR_MUT,False,1,251,0.4,20,5183,0.39,1.032,0.139,7.663,1.033,0.9999999999976409,1.0
PPP6C_MUT,False,1,251,0.4,20,5183,0.39,1.032,0.139,7.663,1.033,0.9999999999976409,1.0
PMS1_MUT,True,2,260,0.77,40,5342,0.75,1.027,0.25,4.228,1.028,0.9999999999976562,1.0
GAB1_MUT,False,0,90,0.0,13,1951,0.67,,,,0.0,0.999999999998068,1.0
MLLT1_MUT,False,0,90,0.0,8,1951,0.41,,,,0.0,0.9999999999982413,1.0
SPRTN_MUT,False,0,90,0.0,8,1951,0.41,,,,0.0,0.9999999999982413,1.0
POLD1_MUT,False,2,251,0.8,55,5183,1.06,0.751,0.184,3.061,0.749,0.99999999999832,1.0
MUTYH_MUT,True,1,260,0.38,23,5342,0.43,0.893,0.121,6.589,0.893,0.9999999999984965,1.0
H3C11_MUT,False,0,251,0.0,11,5183,0.21,,,,0.0,0.9999999999984975,1.0
H3C6_MUT,False,0,251,0.0,11,5183,0.21,,,,0.0,0.9999999999984975,1.0
ETV1_MUT,True,2,260,0.77,42,5342,0.79,0.978,0.238,4.02,0.978,0.9999999999986959,1.0
CDK4_MUT,True,0,260,0.0,14,5342,0.26,,,,0.0,0.9999999999987831,1.0
IKZF1_AMP,True,0,260,0.0,14,5342,0.26,,,,0.0,0.9999999999987831,1.0
MYCL_MUT,True,0,260,0.0,14,5342,0.26,,,,0.0,0.9999999999987831,1.0
PAK1_AMP,True,0,260,0.0,14,5342,0.26,,,,0.0,0.9999999999987831,1.0
PIK3R1_HOMDEL_OR_DEEP,True,0,260,0.0,14,5342,0.26,,,,0.0,0.9999999999987831,1.0
RAD51B_MUT,True,0,260,0.0,14,5342,0.26,,,,0.0,0.9999999999987831,1.0
WT1_MUT,True,2,260,0.77,49,5342,0.92,0.839,0.205,3.43,0.837,0.9999999999988044,1.0
H3C4_MUT,False,0,251,0.0,7,5183,0.14,,,,0.0,0.9999999999988212,1.0
TRAF2_AMP,False,0,251,0.0,7,5183,0.14,,,,0.0,0.9999999999988212,1.0
ZRSR2_AMP,False,0,251,0.0,7,5183,0.14,,,,0.0,0.9999999999988212,1.0
BCL10_MUT,False,0,251,0.0,12,5183,0.23,,,,0.0,0.9999999999991375,1.0
EIF4E_MUT,False,0,251,0.0,12,5183,0.23,,,,0.0,0.9999999999991375,1.0
HLA-C_MUT,False,0,90,0.0,9,1951,0.46,,,,0.0,0.9999999999992154,1.0
SERPINB3_HOMDEL_OR_DEEP,False,0,90,0.0,9,1951,0.46,,,,0.0,0.9999999999992154,1.0
CDK12_MUT,True,2,260,0.77,55,5342,1.03,0.747,0.183,3.046,0.745,0.9999999999992898,1.0
CDK8_AMP,True,10,260,3.85,208,5342,3.89,0.988,0.53,1.84,0.987,0.9999999999993703,1.0
ACVR1_MUT,False,1,251,0.4,22,5183,0.42,0.939,0.127,6.936,0.938,0.9999999999994207,1.0
SMARCE1_AMP,False,0,90,0.0,17,1951,0.87,,,,0.0,0.9999999999995562,1.0
USP8_MUT,False,0,90,0.0,17,1951,0.87,,,,0.0,0.9999999999995562,1.0
H3C7_MUT,False,0,251,0.0,8,5183,0.15,,,,0.0,0.9999999999995783,1.0
GAB2_MUT,False,0,90,0.0,14,1951,0.72,,,,0.0,0.9999999999997083,1.0
GAB2_AMP,False,0,90,0.0,7,1951,0.36,,,,0.0,0.999999999999709,1.0
POT1_MUT,False,0,90,0.0,11,1951,0.56,,,,0.0,0.99999999999977,1.0
SERPINB3_MUT,False,0,90,0.0,11,1951,0.56,,,,0.0,0.99999999999977,1.0
SERPINB4_MUT,False,0,90,0.0,11,1951,0.56,,,,0.0,0.99999999999977,1.0
CBL_MUT,True,2,260,0.77,46,5342,0.86,0.893,0.218,3.66,0.892,0.9999999999999335,1.0
PDGFRB_MUT,True,2,260,0.77,46,5342,0.86,0.893,0.218,3.66,0.892,0.9999999999999335,1.0
RAF1_MUT,True,2,260,0.77,46,5342,0.86,0.893,0.218,3.66,0.892,0.9999999999999335,1.0
MRE11_MUT,True,1,260,0.38,39,5342,0.73,0.527,0.073,3.82,0.525,0.9999999999999495,1.0
SOX17_AMP,True,1,260,0.38,39,5342,0.73,0.527,0.073,3.82,0.525,0.9999999999999495,1.0
GAB1_AMP,False,0,90,0.0,5,1951,0.26,,,,0.0,0.9999999999999561,1.0
KBTBD4_MUT,False,0,90,0.0,5,1951,0.26,,,,0.0,0.9999999999999561,1.0
LZTR1_AMP,False,0,90,0.0,5,1951,0.26,,,,0.0,0.9999999999999561,1.0
MTAP_MUT,False,0,90,0.0,5,1951,0.26,,,,0.0,0.9999999999999561,1.0
DICER1_MUT,True,3,260,1.15,79,5342,1.48,0.78,0.248,2.455,0.778,0.9999999999999707,1.0
ABL1_MUT,True,2,260,0.77,45,5342,0.84,0.913,0.223,3.744,0.912,1.0,1.0
ABRAXAS1_MUT,True,1,260,0.38,25,5342,0.47,0.822,0.112,6.042,0.821,1.0,1.0
AKT2_MUT,True,1,260,0.38,20,5342,0.37,1.027,0.138,7.625,1.027,1.0,1.0
ALOX12B_HOMDEL_OR_DEEP,True,0,260,0.0,10,5342,0.19,,,,0.0,1.0,1.0
AMER1_HOMDEL_OR_DEEP,True,0,260,0.0,6,5342,0.11,,,,0.0,1.0,1.0
APLNR_MUT,False,0,90,0.0,6,1951,0.31,,,,0.0,1.0,1.0
ARAF_AMP,True,0,260,0.0,7,5342,0.13,,,,0.0,1.0,1.0
ARID5B_AMP,True,0,260,0.0,6,5342,0.11,,,,0.0,1.0,1.0
ARID5B_HOMDEL_OR_DEEP,True,0,260,0.0,5,5342,0.09,,,,0.0,1.0,1.0
ASXL2_MUT,True,3,260,1.15,72,5342,1.35,0.856,0.272,2.699,0.854,1.0,1.0
AURKA_MUT,True,1,260,0.38,26,5342,0.49,0.79,0.108,5.801,0.789,1.0,1.0
AURKB_HOMDEL_OR_DEEP,True,0,260,0.0,10,5342,0.19,,,,0.0,1.0,1.0
AURKB_MUT,True,0,260,0.0,8,5342,0.15,,,,0.0,1.0,1.0
AXIN1_MUT,True,2,260,0.77,43,5342,0.8,0.956,0.233,3.923,0.955,1.0,1.0
AXIN2_AMP,True,0,260,0.0,7,5342,0.13,,,,0.0,1.0,1.0
B2M_HOMDEL_OR_DEEP,True,0,260,0.0,9,5342,0.17,,,,0.0,1.0,1.0
BABAM1_AMP,False,0,211,0.0,5,4469,0.11,,,,0.0,1.0,1.0
BABAM1_MUT,False,0,211,0.0,13,4469,0.29,,,,0.0,1.0,1.0
BARD1_MUT,True,2,260,0.77,44,5342,0.82,0.934,0.228,3.831,0.933,1.0,1.0
BBC3_MUT,True,0,260,0.0,8,5342,0.15,,,,0.0,1.0,1.0
BCL2L11_MUT,True,0,260,0.0,12,5342,0.22,,,,0.0,1.0,1.0
BCL2L1_MUT,True,0,260,0.0,6,5342,0.11,,,,0.0,1.0,1.0
BCL2_MUT,True,0,260,0.0,6,5342,0.11,,,,0.0,1.0,1.0
BLM_AMP,True,0,260,0.0,7,5342,0.13,,,,0.0,1.0,1.0
BRD4_AMP,True,0,260,0.0,9,5342,0.17,,,,0.0,1.0,1.0
CALR_AMP,False,0,251,0.0,9,5183,0.17,,,,0.0,1.0,1.0
CARM1_AMP,False,0,211,0.0,8,4469,0.18,,,,0.0,1.0,1.0
CCND1_AMP,True,2,260,0.77,41,5342,0.77,1.002,0.244,4.121,1.002,1.0,1.0
CCNQ_AMP,False,0,211,0.0,13,4469,0.29,,,,0.0,1.0,1.0
CD276_AMP,True,0,260,0.0,7,5342,0.13,,,,0.0,1.0,1.0
CD79B_AMP,True,0,260,0.0,5,5342,0.09,,,,0.0,1.0,1.0
CDC42_MUT,False,0,211,0.0,6,4469,0.13,,,,0.0,1.0,1.0
CDC73_MUT,True,2,260,0.77,45,5342,0.84,0.913,0.223,3.744,0.912,1.0,1.0
CDKN2C_MUT,True,0,260,0.0,11,5342,0.21,,,,0.0,1.0,1.0
CEBPA_MUT,False,0,251,0.0,16,5183,0.31,,,,0.0,1.0,1.0
CRLF2_AMP,True,0,260,0.0,9,5342,0.17,,,,0.0,1.0,1.0
CRLF2_HOMDEL_OR_DEEP,True,0,260,0.0,11,5342,0.21,,,,0.0,1.0,1.0
CRLF2_MUT,True,1,260,0.38,22,5342,0.41,0.934,0.126,6.902,0.934,1.0,1.0
CSDE1_AMP,False,0,211,0.0,5,4469,0.11,,,,0.0,1.0,1.0
CSF3R_AMP,False,0,251,0.0,6,5183,0.12,,,,0.0,1.0,1.0
CTCF_MUT,True,2,260,0.77,53,5342,0.99,0.775,0.19,3.164,0.774,1.0,1.0
CUL3_MUT,True,1,260,0.38,29,5342,0.54,0.708,0.097,5.181,0.707,1.0,1.0
DNMT1_AMP,True,0,260,0.0,8,5342,0.15,,,,0.0,1.0,1.0
DNMT3B_MUT,True,2,260,0.77,57,5342,1.07,0.721,0.177,2.937,0.719,1.0,1.0
DUSP4_MUT,False,0,211,0.0,10,4469,0.22,,,,0.0,1.0,1.0
EED_MUT,True,0,260,0.0,20,5342,0.37,,,,0.0,1.0,1.0
EGFL7_AMP,True,0,260,0.0,5,5342,0.09,,,,0.0,1.0,1.0
EGFL7_MUT,True,0,260,0.0,10,5342,0.19,,,,0.0,1.0,1.0
EGFR_MUT,True,2,260,0.77,59,5342,1.1,0.696,0.171,2.835,0.694,1.0,1.0
EIF1AX_AMP,True,0,260,0.0,8,5342,0.15,,,,0.0,1.0,1.0
ELF3_AMP,False,0,211,0.0,17,4469,0.38,,,,0.0,1.0,1.0
EPAS1_MUT,False,1,211,0.47,26,4469,0.58,0.815,0.111,5.975,0.814,1.0,1.0
EPCAM_AMP,True,0,260,0.0,6,5342,0.11,,,,0.0,1.0,1.0
EPHA5_HOMDEL_OR_DEEP,True,0,260,0.0,5,5342,0.09,,,,0.0,1.0,1.0
ERCC4_AMP,True,0,260,0.0,8,5342,0.15,,,,0.0,1.0,1.0
ERRFI1_MUT,False,0,251,0.0,16,5183,0.31,,,,0.0,1.0,1.0
ETV6_AMP,True,0,260,0.0,9,5342,0.17,,,,0.0,1.0,1.0
EZH1_MUT,False,1,211,0.47,24,4469,0.54,0.883,0.12,6.493,0.882,1.0,1.0
FANCC_MUT,True,1,260,0.38,27,5342,0.51,0.761,0.104,5.578,0.76,1.0,1.0
FAT1_HOMDEL_OR_DEEP,True,1,260,0.38,29,5342,0.54,0.708,0.097,5.181,0.707,1.0,1.0
FGF19_MUT,True,0,260,0.0,6,5342,0.11,,,,0.0,1.0,1.0
FGFR1_AMP,True,6,260,2.31,142,5342,2.66,0.868,0.387,1.946,0.865,1.0,1.0
FGFR1_MUT,True,3,260,1.15,63,5342,1.18,0.978,0.309,3.095,0.978,1.0,1.0
FGFR2_AMP,True,0,260,0.0,11,5342,0.21,,,,0.0,1.0,1.0
FGFR2_MUT,True,1,260,0.38,36,5342,0.67,0.571,0.079,4.147,0.569,1.0,1.0
FH_MUT,True,1,260,0.38,26,5342,0.49,0.79,0.108,5.801,0.789,1.0,1.0
FLT4_HOMDEL_OR_DEEP,True,0,260,0.0,6,5342,0.11,,,,0.0,1.0,1.0
FOXA1_HOMDEL_OR_DEEP,True,0,260,0.0,5,5342,0.09,,,,0.0,1.0,1.0
FOXA1_MUT,True,0,260,0.0,20,5342,0.37,,,,0.0,1.0,1.0
FOXL2_AMP,True,0,260,0.0,5,5342,0.09,,,,0.0,1.0,1.0
GATA1_AMP,True,0,260,0.0,5,5342,0.09,,,,0.0,1.0,1.0
GATA1_MUT,True,1,260,0.38,25,5342,0.47,0.822,0.112,6.042,0.821,1.0,1.0
GATA3_MUT,True,2,260,0.77,57,5342,1.07,0.721,0.177,2.937,0.719,1.0,1.0
GNA11_HOMDEL_OR_DEEP,True,0,260,0.0,5,5342,0.09,,,,0.0,1.0,1.0
GNA11_MUT,True,0,260,0.0,12,5342,0.22,,,,0.0,1.0,1.0
GNAQ_MUT,True,0,260,0.0,12,5342,0.22,,,,0.0,1.0,1.0
GPS2_HOMDEL_OR_DEEP,False,0,251,0.0,9,5183,0.17,,,,0.0,1.0,1.0
GSK3B_MUT,True,1,260,0.38,21,5342,0.39,0.978,0.132,7.246,0.978,1.0,1.0
H1-2_MUT,True,1,260,0.38,34,5342,0.64,0.604,0.083,4.397,0.603,1.0,1.0
H3-3B_MUT,False,0,251,0.0,5,5183,0.1,,,,0.0,1.0,1.0
H3-5_AMP,True,0,260,0.0,5,5342,0.09,,,,0.0,1.0,1.0
H3-5_MUT,True,1,260,0.38,22,5342,0.41,0.934,0.126,6.902,0.934,1.0,1.0
H3C1_MUT,False,0,251,0.0,6,5183,0.12,,,,0.0,1.0,1.0
H3C2_MUT,True,0,260,0.0,10,5342,0.19,,,,0.0,1.0,1.0
IDH2_AMP,True,0,260,0.0,17,5342,0.32,,,,0.0,1.0,1.0
IGF1R_AMP,True,0,260,0.0,5,5342,0.09,,,,0.0,1.0,1.0
IL10_MUT,True,0,260,0.0,17,5342,0.32,,,,0.0,1.0,1.0
INPP4B_HOMDEL_OR_DEEP,True,0,260,0.0,6,5342,0.11,,,,0.0,1.0,1.0
JAK1_HOMDEL_OR_DEEP,True,0,260,0.0,5,5342,0.09,,,,0.0,1.0,1.0
JAK3_MUT,True,3,260,1.15,64,5342,1.2,0.963,0.305,3.045,0.963,1.0,1.0
JUN_MUT,True,3,260,1.15,62,5342,1.16,0.994,0.314,3.146,0.994,1.0,1.0
KDM5C_AMP,True,0,260,0.0,5,5342,0.09,,,,0.0,1.0,1.0
KEAP1_AMP,True,0,260,0.0,7,5342,0.13,,,,0.0,1.0,1.0
KIT_MUT,True,3,260,1.15,70,5342,1.31,0.881,0.279,2.778,0.879,1.0,1.0
KLF4_MUT,True,0,260,0.0,17,5342,0.32,,,,0.0,1.0,1.0
KMT5A_MUT,False,0,211,0.0,14,4469,0.31,,,,0.0,1.0,1.0
LYN_AMP,False,1,211,0.47,27,4469,0.6,0.784,0.107,5.745,0.783,1.0,1.0
MAP2K2_MUT,True,1,260,0.38,22,5342,0.41,0.934,0.126,6.902,0.934,1.0,1.0
MAP3K13_MUT,True,2,260,0.77,47,5342,0.88,0.874,0.214,3.58,0.873,1.0,1.0
MAPK1_MUT,True,0,260,0.0,10,5342,0.19,,,,0.0,1.0,1.0
MAPKAP1_MUT,False,0,211,0.0,17,4469,0.38,,,,0.0,1.0,1.0
MCL1_AMP,True,0,260,0.0,11,5342,0.21,,,,0.0,1.0,1.0
MDM4_MUT,True,0,260,0.0,19,5342,0.36,,,,0.0,1.0,1.0
MEF2B_AMP,True,0,260,0.0,5,5342,0.09,,,,0.0,1.0,1.0
MET_MUT,True,2,260,0.77,56,5342,1.05,0.734,0.18,2.99,0.732,1.0,1.0
MSH2_MUT,True,1,260,0.38,38,5342,0.71,0.541,0.075,3.923,0.539,1.0,1.0
MSI2_MUT,False,0,211,0.0,7,4469,0.16,,,,0.0,1.0,1.0
MST1_MUT,False,1,251,0.4,27,5183,0.52,0.765,0.104,5.606,0.764,1.0,1.0
MUTYH_AMP,True,0,260,0.0,5,5342,0.09,,,,0.0,1.0,1.0
NCOR1_HOMDEL_OR_DEEP,True,0,260,0.0,18,5342,0.34,,,,0.0,1.0,1.0
NF1_AMP,True,0,260,0.0,7,5342,0.13,,,,0.0,1.0,1.0
NFKBIA_AMP,False,0,251,0.0,6,5183,0.12,,,,0.0,1.0,1.0
NKX2-1_HOMDEL_OR_DEEP,True,0,260,0.0,10,5342,0.19,,,,0.0,1.0,1.0
NKX3-1_MUT,True,0,260,0.0,20,5342,0.37,,,,0.0,1.0,1.0
NOTCH1_AMP,True,0,260,0.0,5,5342,0.09,,,,0.0,1.0,1.0
NOTCH2_AMP,True,0,260,0.0,9,5342,0.17,,,,0.0,1.0,1.0
NOTCH3_AMP,True,0,260,0.0,9,5342,0.17,,,,0.0,1.0,1.0
NOTCH4_MUT,True,5,260,1.92,112,5342,2.1,0.917,0.378,2.227,0.916,1.0,1.0
NPM1_MUT,True,0,260,0.0,10,5342,0.19,,,,0.0,1.0,1.0
NSD3_HOMDEL_OR_DEEP,False,1,211,0.47,28,4469,0.63,0.756,0.103,5.533,0.755,1.0,1.0
NTHL1_MUT,False,0,211,0.0,6,4469,0.13,,,,0.0,1.0,1.0
NTRK3_HOMDEL_OR_DEEP,True,0,260,0.0,9,5342,0.17,,,,0.0,1.0,1.0
NUF2_MUT,False,1,211,0.47,22,4469,0.49,0.963,0.13,7.109,0.963,1.0,1.0
PALB2_AMP,True,0,260,0.0,5,5342,0.09,,,,0.0,1.0,1.0
PAX5_MUT,True,2,260,0.77,47,5342,0.88,0.874,0.214,3.58,0.873,1.0,1.0
PHOX2B_MUT,True,2,260,0.77,41,5342,0.77,1.002,0.244,4.121,1.002,1.0,1.0
PIK3C3_HOMDEL_OR_DEEP,True,0,260,0.0,20,5342,0.37,,,,0.0,1.0,1.0
PIK3CB_AMP,True,0,260,0.0,7,5342,0.13,,,,0.0,1.0,1.0
PIM1_MUT,True,0,260,0.0,7,5342,0.13,,,,0.0,1.0,1.0
PPARG_MUT,False,0,211,0.0,17,4469,0.38,,,,0.0,1.0,1.0
PPP2R1A_MUT,True,2,260,0.77,56,5342,1.05,0.734,0.18,2.99,0.732,1.0,1.0
PRDM14_AMP,False,1,211,0.47,27,4469,0.6,0.784,0.107,5.745,0.783,1.0,1.0
PREX2_AMP,False,1,211,0.47,26,4469,0.58,0.815,0.111,5.975,0.814,1.0,1.0
PRKAR1A_MUT,True,1,260,0.38,24,5342,0.45,0.856,0.116,6.304,0.856,1.0,1.0
PRKD1_HOMDEL_OR_DEEP,False,0,211,0.0,5,4469,0.11,,,,0.0,1.0,1.0
PRKN_MUT,True,3,260,1.15,64,5342,1.2,0.963,0.305,3.045,0.963,1.0,1.0
PTP4A1_MUT,False,0,211,0.0,10,4469,0.22,,,,0.0,1.0,1.0
RAC1_MUT,True,0,260,0.0,9,5342,0.17,,,,0.0,1.0,1.0
RAC2_HOMDEL_OR_DEEP,False,0,211,0.0,6,4469,0.13,,,,0.0,1.0,1.0
RAD51_MUT,True,0,260,0.0,7,5342,0.13,,,,0.0,1.0,1.0
RAD52_AMP,True,5,260,1.92,108,5342,2.02,0.951,0.391,2.312,0.95,1.0,1.0
RAD54L_AMP,True,0,260,0.0,5,5342,0.09,,,,0.0,1.0,1.0
RAD54L_MUT,True,1,260,0.38,34,5342,0.64,0.604,0.083,4.397,0.603,1.0,1.0
RASA1_HOMDEL_OR_DEEP,True,0,260,0.0,11,5342,0.21,,,,0.0,1.0,1.0
RBM10_AMP,True,0,260,0.0,8,5342,0.15,,,,0.0,1.0,1.0
RECQL_AMP,False,0,211,0.0,8,4469,0.18,,,,0.0,1.0,1.0
RET_HOMDEL_OR_DEEP,True,0,260,0.0,10,5342,0.19,,,,0.0,1.0,1.0
RHOA_MUT,True,0,260,0.0,17,5342,0.32,,,,0.0,1.0,1.0
RNF43_AMP,True,0,260,0.0,6,5342,0.11,,,,0.0,1.0,1.0
RPS6KA4_MUT,True,1,260,0.38,37,5342,0.69,0.555,0.076,4.032,0.554,1.0,1.0
RPS6KB2_MUT,True,1,260,0.38,26,5342,0.49,0.79,0.108,5.801,0.789,1.0,1.0
RRAGC_MUT,False,1,211,0.47,26,4469,0.58,0.815,0.111,5.975,0.814,1.0,1.0
RRAS2_MUT,False,0,211,0.0,18,4469,0.4,,,,0.0,1.0,1.0
RXRA_MUT,False,0,211,0.0,17,4469,0.38,,,,0.0,1.0,1.0
RYBP_AMP,True,0,260,0.0,5,5342,0.09,,,,0.0,1.0,1.0
RYBP_MUT,True,0,260,0.0,10,5342,0.19,,,,0.0,1.0,1.0
SDHAF2_MUT,True,0,260,0.0,6,5342,0.11,,,,0.0,1.0,1.0
SDHC_MUT,True,0,260,0.0,10,5342,0.19,,,,0.0,1.0,1.0
SDHD_MUT,True,0,260,0.0,5,5342,0.09,,,,0.0,1.0,1.0
SERPINB4_HOMDEL_OR_DEEP,False,0,90,0.0,10,1951,0.51,,,,0.0,1.0,1.0
SESN1_MUT,False,1,211,0.47,29,4469,0.65,0.73,0.1,5.336,0.729,1.0,1.0
SESN2_MUT,False,0,211,0.0,13,4469,0.29,,,,0.0,1.0,1.0
SESN3_MUT,False,0,211,0.0,20,4469,0.45,,,,0.0,1.0,1.0
SETD2_MUT,True,5,260,1.92,110,5342,2.06,0.934,0.384,2.269,0.933,1.0,1.0
SHOC2_MUT,False,0,211,0.0,19,4469,0.43,,,,0.0,1.0,1.0
SHQ1_AMP,True,0,260,0.0,6,5342,0.11,,,,0.0,1.0,1.0
SHQ1_MUT,True,1,260,0.38,24,5342,0.45,0.856,0.116,6.304,0.856,1.0,1.0
SMAD2_HOMDEL_OR_DEEP,True,2,260,0.77,50,5342,0.94,0.822,0.201,3.359,0.82,1.0,1.0
SMAD3_MUT,True,9,260,3.46,193,5342,3.61,0.958,0.497,1.848,0.957,1.0,1.0
SMARCA4_AMP,True,0,260,0.0,11,5342,0.21,,,,0.0,1.0,1.0
SMARCA4_MUT,True,5,260,1.92,113,5342,2.12,0.909,0.374,2.207,0.907,1.0,1.0
SMARCD1_MUT,True,1,260,0.38,24,5342,0.45,0.856,0.116,6.304,0.856,1.0,1.0
SMYD3_MUT,False,1,211,0.47,21,4469,0.47,1.009,0.136,7.463,1.009,1.0,1.0
SOCS1_MUT,True,0,260,0.0,6,5342,0.11,,,,0.0,1.0,1.0
SPRED1_MUT,False,1,211,0.47,22,4469,0.49,0.963,0.13,7.109,0.963,1.0,1.0
STAG2_MUT,True,2,260,0.77,60,5342,1.12,0.685,0.168,2.787,0.682,1.0,1.0
STAT3_AMP,False,0,251,0.0,5,5183,0.1,,,,0.0,1.0,1.0
STAT5A_AMP,False,0,251,0.0,5,5183,0.1,,,,0.0,1.0,1.0
STAT5B_AMP,False,0,251,0.0,5,5183,0.1,,,,0.0,1.0,1.0
STK11_HOMDEL_OR_DEEP,True,0,260,0.0,7,5342,0.13,,,,0.0,1.0,1.0
STK40_AMP,True,0,260,0.0,7,5342,0.13,,,,0.0,1.0,1.0
STK40_MUT,True,0,260,0.0,13,5342,0.24,,,,0.0,1.0,1.0
SUFU_MUT,True,1,260,0.38,21,5342,0.39,0.978,0.132,7.246,0.978,1.0,1.0
SUZ12_AMP,True,0,260,0.0,8,5342,0.15,,,,0.0,1.0,1.0
SYK_MUT,True,1,260,0.38,22,5342,0.41,0.934,0.126,6.902,0.934,1.0,1.0
TCF7L2_HOMDEL_OR_DEEP,False,0,251,0.0,5,5183,0.1,,,,0.0,1.0,1.0
TEK_HOMDEL_OR_DEEP,False,0,211,0.0,6,4469,0.13,,,,0.0,1.0,1.0
TENT5C_MUT,True,1,260,0.38,20,5342,0.37,1.027,0.138,7.625,1.027,1.0,1.0
TET2_HOMDEL_OR_DEEP,True,0,260,0.0,5,5342,0.09,,,,0.0,1.0,1.0
TMPRSS2_MUT,True,0,260,0.0,17,5342,0.32,,,,0.0,1.0,1.0
TNFAIP3_MUT,True,1,260,0.38,33,5342,0.62,0.623,0.085,4.535,0.621,1.0,1.0
TP63_MUT,True,2,260,0.77,57,5342,1.07,0.721,0.177,2.937,0.719,1.0,1.0
UPF1_MUT,False,1,211,0.47,39,4469,0.87,0.543,0.075,3.934,0.541,1.0,1.0
VHL_MUT,True,0,260,0.0,6,5342,0.11,,,,0.0,1.0,1.0
VTCN1_MUT,True,0,260,0.0,10,5342,0.19,,,,0.0,1.0,1.0
WHR1_MUT,False,0,211,0.0,12,4469,0.27,,,,0.0,1.0,1.0
XIAP_AMP,True,0,260,0.0,10,5342,0.19,,,,0.0,1.0,1.0
ABL1_HOMDEL,True,0,260,0.0,2,5342,0.04,,,,0.0,,
ABL1_HOMDEL_OR_DEEP,True,0,260,0.0,2,5342,0.04,,,,0.0,,
ABRAXAS1_AMP,True,0,260,0.0,1,5342,0.02,,,,0.0,,
ACVR1_HOMDEL,False,0,251,0.0,2,5183,0.04,,,,0.0,,
ACVR1_HOMDEL_OR_DEEP,False,0,251,0.0,2,5183,0.04,,,,0.0,,
AGO1_AMP,False,0,90,0.0,2,1951,0.1,,,,0.0,,
AGO2_HOMDEL,False,0,211,0.0,2,4469,0.04,,,,0.0,,
AGO2_HOMDEL_OR_DEEP,False,1,211,0.47,2,4469,0.04,10.59,0.964,116.331,10.636,,
AKT1_HOMDEL,True,0,260,0.0,3,5342,0.06,,,,0.0,,
AKT1_HOMDEL_OR_DEEP,True,0,260,0.0,3,5342,0.06,,,,0.0,,
AKT3_HOMDEL,True,0,260,0.0,3,5342,0.06,,,,0.0,,
AKT3_HOMDEL_OR_DEEP,True,0,260,0.0,3,5342,0.06,,,,0.0,,
ALB_AMP,False,0,90,0.0,1,1951,0.05,,,,0.0,,
ALOX12B_AMP,True,0,260,0.0,1,5342,0.02,,,,0.0,,
ALOX12B_HOMDEL,True,0,260,0.0,10,5342,0.19,,,,0.0,,
AMER1_AMP,True,0,260,0.0,2,5342,0.04,,,,0.0,,
AMER1_HOMDEL,True,0,260,0.0,6,5342,0.11,,,,0.0,,
ANKRD11_AMP,False,0,251,0.0,2,5183,0.04,,,,0.0,,
APC_AMP,True,0,260,0.0,1,5342,0.02,,,,0.0,,
APC_HOMDEL,True,0,260,0.0,26,5342,0.49,,,,0.0,,
APLNR_AMP,False,0,90,0.0,1,1951,0.05,,,,0.0,,
APLNR_HOMDEL,False,1,90,1.11,1,1951,0.05,21.678,1.367,343.807,21.91,,
APLNR_HOMDEL_OR_DEEP,False,1,90,1.11,1,1951,0.05,21.678,1.367,343.807,21.91,,
ARAF_HOMDEL,True,0,260,0.0,3,5342,0.06,,,,0.0,,
ARAF_HOMDEL_OR_DEEP,True,0,260,0.0,3,5342,0.06,,,,0.0,,
ARID1A_HOMDEL,True,1,260,0.38,13,5342,0.24,1.58,0.208,12.036,1.583,,
ARID1B_AMP,True,1,260,0.38,0,5342,0.0,,,,,,
ARID1B_HOMDEL,True,0,260,0.0,1,5342,0.02,,,,0.0,,
ARID1B_HOMDEL_OR_DEEP,True,0,260,0.0,3,5342,0.06,,,,0.0,,
ARID2_AMP,True,0,260,0.0,2,5342,0.04,,,,0.0,,
ARID2_HOMDEL,True,0,260,0.0,1,5342,0.02,,,,0.0,,
ARID2_HOMDEL_OR_DEEP,True,1,260,0.38,1,5342,0.02,20.546,1.289,327.581,20.622,,
ARID5B_HOMDEL,True,0,260,0.0,5,5342,0.09,,,,0.0,,
AR_AMP,True,0,260,0.0,1,5342,0.02,,,,0.0,,
AR_HOMDEL,True,0,260,0.0,4,5342,0.07,,,,0.0,,
AR_HOMDEL_OR_DEEP,True,0,260,0.0,4,5342,0.07,,,,0.0,,
ASXL2_HOMDEL,True,0,260,0.0,1,5342,0.02,,,,0.0,,
ASXL2_HOMDEL_OR_DEEP,True,0,260,0.0,1,5342,0.02,,,,0.0,,
ATM_AMP,True,0,260,0.0,1,5342,0.02,,,,0.0,,
ATM_HOMDEL_OR_DEEP,True,0,260,0.0,2,5342,0.04,,,,0.0,,
ATXN7_AMP,False,0,90,0.0,3,1951,0.15,,,,0.0,,
AURKB_AMP,True,0,260,0.0,1,5342,0.02,,,,0.0,,
AURKB_HOMDEL,True,0,260,0.0,10,5342,0.19,,,,0.0,,
AXIN1_AMP,True,2,260,0.77,2,5342,0.04,20.546,2.906,145.288,20.698,,
AXIN1_HOMDEL,True,1,260,0.38,4,5342,0.07,5.137,0.576,45.796,5.153,,
AXIN2_HOMDEL,True,1,260,0.38,1,5342,0.02,20.546,1.289,327.581,20.622,,
AXIN2_HOMDEL_OR_DEEP,True,1,260,0.38,2,5342,0.04,10.273,0.934,112.933,10.309,,
AXL_AMP,True,2,260,0.77,2,5342,0.04,20.546,2.906,145.288,20.698,,
B2M_AMP,True,1,260,0.38,0,5342,0.0,,,,,,
B2M_HOMDEL,True,0,260,0.0,9,5342,0.17,,,,0.0,,
BAP1_HOMDEL,True,0,260,0.0,2,5342,0.04,,,,0.0,,
BAP1_HOMDEL_OR_DEEP,True,0,260,0.0,2,5342,0.04,,,,0.0,,
BBC3_HOMDEL,True,0,260,0.0,1,5342,0.02,,,,0.0,,
BBC3_HOMDEL_OR_DEEP,True,0,260,0.0,1,5342,0.02,,,,0.0,,
BCL10_HOMDEL,False,0,251,0.0,1,5183,0.02,,,,0.0,,
BCL10_HOMDEL_OR_DEEP,False,0,251,0.0,1,5183,0.02,,,,0.0,,
BCL2_AMP,True,1,260,0.38,0,5342,0.0,,,,,,
BCL2_HOMDEL,True,0,260,0.0,30,5342,0.56,,,,0.0,,
BCOR_HOMDEL,True,0,260,0.0,3,5342,0.06,,,,0.0,,
BCOR_HOMDEL_OR_DEEP,True,0,260,0.0,3,5342,0.06,,,,0.0,,
BMPR1A_AMP,True,0,260,0.0,4,5342,0.07,,,,0.0,,
BMPR1A_HOMDEL,True,1,260,0.38,6,5342,0.11,3.424,0.414,28.341,3.434,,
BRCA1_HOMDEL,True,0,260,0.0,1,5342,0.02,,,,0.0,,
BRCA1_HOMDEL_OR_DEEP,True,0,260,0.0,2,5342,0.04,,,,0.0,,
BRIP1_AMP,True,0,260,0.0,2,5342,0.04,,,,0.0,,
BTK_HOMDEL,True,0,260,0.0,1,5342,0.02,,,,0.0,,
BTK_HOMDEL_OR_DEEP,True,0,260,0.0,1,5342,0.02,,,,0.0,,
CASP8_AMP,True,0,260,0.0,2,5342,0.04,,,,0.0,,
CBFB_HOMDEL_OR_DEEP,True,0,260,0.0,1,5342,0.02,,,,0.0,,
CBL_HOMDEL,True,0,260,0.0,1,5342,0.02,,,,0.0,,
CBL_HOMDEL_OR_DEEP,True,0,260,0.0,1,5342,0.02,,,,0.0,,
CCND1_HOMDEL,True,0,260,0.0,1,5342,0.02,,,,0.0,,
CCND1_HOMDEL_OR_DEEP,True,0,260,0.0,1,5342,0.02,,,,0.0,,
CCND3_HOMDEL,True,0,260,0.0,1,5342,0.02,,,,0.0,,
CCND3_HOMDEL_OR_DEEP,True,0,260,0.0,1,5342,0.02,,,,0.0,,
CCND3_MUT,True,1,260,0.38,3,5342,0.06,6.849,0.715,65.618,6.871,,
CD274_HOMDEL,True,1,260,0.38,1,5342,0.02,20.546,1.289,327.581,20.622,,
CD274_HOMDEL_OR_DEEP,True,1,260,0.38,1,5342,0.02,20.546,1.289,327.581,20.622,,
CD276_HOMDEL,True,0,260,0.0,1,5342,0.02,,,,0.0,,
CD276_HOMDEL_OR_DEEP,True,0,260,0.0,1,5342,0.02,,,,0.0,,
CD79A_HOMDEL,False,0,251,0.0,3,5183,0.06,,,,0.0,,
CD79A_HOMDEL_OR_DEEP,False,0,251,0.0,3,5183,0.06,,,,0.0,,
CD79B_HOMDEL,True,0,260,0.0,2,5342,0.04,,,,0.0,,
CD79B_HOMDEL_OR_DEEP,True,0,260,0.0,2,5342,0.04,,,,0.0,,
CDC42_HOMDEL,False,0,211,0.0,2,4469,0.04,,,,0.0,,
CDC42_HOMDEL_OR_DEEP,False,0,211,0.0,2,4469,0.04,,,,0.0,,
CDH1_HOMDEL_OR_DEEP,True,0,260,0.0,2,5342,0.04,,,,0.0,,
CDK4_AMP,True,0,260,0.0,2,5342,0.04,,,,0.0,,
CDKN1A_AMP,True,0,260,0.0,2,5342,0.04,,,,0.0,,
CDKN1A_MUT,True,0,260,0.0,2,5342,0.04,,,,0.0,,
CDKN1B_HOMDEL,True,1,260,0.38,9,5342,0.17,2.283,0.29,17.952,2.288,,
CDKN2A_AMP,True,0,260,0.0,3,5342,0.06,,,,0.0,,
CDKN2A_HOMDEL,True,6,260,2.31,54,5342,1.01,2.283,0.991,5.258,2.313,,
CDKN2B_AMP,True,0,260,0.0,3,5342,0.06,,,,0.0,,
CDKN2B_HOMDEL,True,6,260,2.31,52,5342,0.97,2.371,1.028,5.469,2.403,,
CDKN2C_AMP,True,0,260,0.0,1,5342,0.02,,,,0.0,,
CENPA_AMP,False,0,251,0.0,1,5183,0.02,,,,0.0,,
CENPA_MUT,False,0,251,0.0,4,5183,0.08,,,,0.0,,
CHEK1_AMP,True,0,260,0.0,1,5342,0.02,,,,0.0,,
CHEK1_HOMDEL,True,1,260,0.38,0,5342,0.0,,,,,,
CHEK1_HOMDEL_OR_DEEP,True,1,260,0.38,0,5342,0.0,,,,,,
CHEK2_AMP,True,0,260,0.0,2,5342,0.04,,,,0.0,,
COP1_AMP,True,0,260,0.0,3,5342,0.06,,,,0.0,,
CREBBP_AMP,True,0,260,0.0,2,5342,0.04,,,,0.0,,
CREBBP_HOMDEL,True,1,260,0.38,0,5342,0.0,,,,,,
CREBBP_HOMDEL_OR_DEEP,True,1,260,0.38,0,5342,0.0,,,,,,
CRLF2_HOMDEL,True,0,260,0.0,11,5342,0.21,,,,0.0,,
CSDE1_HOMDEL,False,0,211,0.0,2,4469,0.04,,,,0.0,,
CSDE1_HOMDEL_OR_DEEP,False,0,211,0.0,2,4469,0.04,,,,0.0,,
CSF1R_HOMDEL,True,0,260,0.0,3,5342,0.06,,,,0.0,,
CSF1R_HOMDEL_OR_DEEP,True,0,260,0.0,3,5342,0.06,,,,0.0,,
CSF3R_HOMDEL,False,0,251,0.0,2,5183,0.04,,,,0.0,,
CSF3R_HOMDEL_OR_DEEP,False,0,251,0.0,2,5183,0.04,,,,0.0,,
CTLA4_AMP,True,0,260,0.0,2,5342,0.04,,,,0.0,,
CTNNB1_AMP,True,0,260,0.0,4,5342,0.07,,,,0.0,,
CTR9_AMP,False,0,90,0.0,2,1951,0.1,,,,0.0,,
CTR9_HOMDEL_OR_DEEP,False,0,90,0.0,1,1951,0.05,,,,0.0,,
CUL3_AMP,True,0,260,0.0,1,5342,0.02,,,,0.0,,
CXCR4_AMP,False,0,251,0.0,1,5183,0.02,,,,0.0,,
CXCR4_HOMDEL,False,1,251,0.4,9,5183,0.17,2.294,0.292,18.04,2.3,,
CYP19A1_HOMDEL,False,0,90,0.0,1,1951,0.05,,,,0.0,,
CYP19A1_HOMDEL_OR_DEEP,False,0,90,0.0,1,1951,0.05,,,,0.0,,
CYSLTR2_HOMDEL,False,1,211,0.47,2,4469,0.04,10.59,0.964,116.331,10.636,,
CYSLTR2_HOMDEL_OR_DEEP,False,1,211,0.47,2,4469,0.04,10.59,0.964,116.331,10.636,,
DAXX_AMP,True,0,260,0.0,2,5342,0.04,,,,0.0,,
DDR2_AMP,True,0,260,0.0,1,5342,0.02,,,,0.0,,
DICER1_HOMDEL,True,0,260,0.0,1,5342,0.02,,,,0.0,,
DICER1_HOMDEL_OR_DEEP,True,0,260,0.0,1,5342,0.02,,,,0.0,,
DNAJB1_HOMDEL,False,0,251,0.0,2,5183,0.04,,,,0.0,,
DNAJB1_HOMDEL_OR_DEEP,False,0,251,0.0,2,5183,0.04,,,,0.0,,
DNMT3A_HOMDEL,True,0,260,0.0,1,5342,0.02,,,,0.0,,
DNMT3A_HOMDEL_OR_DEEP,True,0,260,0.0,1,5342,0.02,,,,0.0,,
DOT1L_HOMDEL,True,0,260,0.0,3,5342,0.06,,,,0.0,,
DOT1L_HOMDEL_OR_DEEP,True,0,260,0.0,3,5342,0.06,,,,0.0,,
DROSHA_AMP,False,1,211,0.47,3,4469,0.07,7.06,0.737,67.589,7.089,,
DROSHA_HOMDEL_OR_DEEP,False,0,211,0.0,1,4469,0.02,,,,0.0,,
DUSP4_AMP,False,0,211,0.0,4,4469,0.09,,,,0.0,,
DUSP4_HOMDEL,False,3,211,1.42,135,4469,3.02,0.471,0.151,1.465,0.463,,
EED_AMP,True,0,260,0.0,1,5342,0.02,,,,0.0,,
EGFR_HOMDEL,True,0,260,0.0,1,5342,0.02,,,,0.0,,
EGFR_HOMDEL_OR_DEEP,True,0,260,0.0,1,5342,0.02,,,,0.0,,
EIF1AX_HOMDEL,True,1,260,0.38,4,5342,0.07,5.137,0.576,45.796,5.153,,
EIF4A2_AMP,False,1,251,0.4,0,5183,0.0,,,,,,
ELF3_HOMDEL,False,0,211,0.0,1,4469,0.02,,,,0.0,,
ELF3_HOMDEL_OR_DEEP,False,0,211,0.0,1,4469,0.02,,,,0.0,,
ELOC_MUT,False,0,251,0.0,4,5183,0.08,,,,0.0,,
EP300_HOMDEL,True,0,260,0.0,3,5342,0.06,,,,0.0,,
EP300_HOMDEL_OR_DEEP,True,0,260,0.0,4,5342,0.07,,,,0.0,,
EPAS1_AMP,False,0,211,0.0,2,4469,0.04,,,,0.0,,
EPHA3_HOMDEL,True,0,260,0.0,2,5342,0.04,,,,0.0,,
EPHA3_HOMDEL_OR_DEEP,True,0,260,0.0,2,5342,0.04,,,,0.0,,
EPHA5_HOMDEL,True,0,260,0.0,5,5342,0.09,,,,0.0,,
EPHA7_HOMDEL,False,1,251,0.4,4,5183,0.08,5.162,0.579,46.02,5.179,,
EPHB1_HOMDEL,True,0,260,0.0,2,5342,0.04,,,,0.0,,
EPHB1_HOMDEL_OR_DEEP,True,0,260,0.0,2,5342,0.04,,,,0.0,,
ERBB3_AMP,True,0,260,0.0,3,5342,0.06,,,,0.0,,
ERCC3_AMP,True,0,260,0.0,1,5342,0.02,,,,0.0,,
ERCC3_HOMDEL,True,0,260,0.0,3,5342,0.06,,,,0.0,,
ERCC3_HOMDEL_OR_DEEP,True,0,260,0.0,3,5342,0.06,,,,0.0,,
ERCC5_HOMDEL,True,0,260,0.0,2,5342,0.04,,,,0.0,,
ERCC5_HOMDEL_OR_DEEP,True,0,260,0.0,2,5342,0.04,,,,0.0,,
ERG_HOMDEL,True,0,260,0.0,4,5342,0.07,,,,0.0,,
ERG_HOMDEL_OR_DEEP,True,0,260,0.0,4,5342,0.07,,,,0.0,,
ERRFI1_AMP,False,0,251,0.0,2,5183,0.04,,,,0.0,,
ERRFI1_HOMDEL,False,0,251,0.0,2,5183,0.04,,,,0.0,,
ERRFI1_HOMDEL_OR_DEEP,False,0,251,0.0,2,5183,0.04,,,,0.0,,
ESR1_AMP,True,2,260,0.77,2,5342,0.04,20.546,2.906,145.288,20.698,,
ESR1_HOMDEL,True,0,260,0.0,2,5342,0.04,,,,0.0,,
ESR1_HOMDEL_OR_DEEP,True,0,260,0.0,2,5342,0.04,,,,0.0,,
ETAA1_AMP,False,0,90,0.0,2,1951,0.1,,,,0.0,,
ETV6_HOMDEL,True,1,260,0.38,2,5342,0.04,10.273,0.934,112.933,10.309,,
ETV6_HOMDEL_OR_DEEP,True,1,260,0.38,2,5342,0.04,10.273,0.934,112.933,10.309,,
EZH2_HOMDEL,True,0,260,0.0,1,5342,0.02,,,,0.0,,
EZH2_HOMDEL_OR_DEEP,True,0,260,0.0,1,5342,0.02,,,,0.0,,
EZHIP_AMP,False,0,90,0.0,1,1951,0.05,,,,0.0,,
EZHIP_HOMDEL,False,0,90,0.0,1,1951,0.05,,,,0.0,,
EZHIP_HOMDEL_OR_DEEP,False,0,90,0.0,1,1951,0.05,,,,0.0,,
FANCA_AMP,True,0,260,0.0,1,5342,0.02,,,,0.0,,
FANCC_HOMDEL,True,0,260,0.0,1,5342,0.02,,,,0.0,,
FANCC_HOMDEL_OR_DEEP,True,0,260,0.0,1,5342,0.02,,,,0.0,,
FAT1_HOMDEL,True,1,260,0.38,29,5342,0.54,0.708,0.097,5.181,0.707,,
FBXW7_AMP,True,1,260,0.38,1,5342,0.02,20.546,1.289,327.581,20.622,,
FBXW7_HOMDEL,True,1,260,0.38,5,5342,0.09,4.109,0.482,35.047,4.121,,
FGF19_HOMDEL,True,0,260,0.0,2,5342,0.04,,,,0.0,,
FGF19_HOMDEL_OR_DEEP,True,0,260,0.0,2,5342,0.04,,,,0.0,,
FGF3_HOMDEL,True,0,260,0.0,2,5342,0.04,,,,0.0,,
FGF3_HOMDEL_OR_DEEP,True,0,260,0.0,2,5342,0.04,,,,0.0,,
FGF4_HOMDEL,True,0,260,0.0,2,5342,0.04,,,,0.0,,
FGF4_HOMDEL_OR_DEEP,True,0,260,0.0,2,5342,0.04,,,,0.0,,
FGFR1_HOMDEL,True,3,260,1.15,45,5342,0.84,1.37,0.429,4.378,1.374,,
FGFR3_AMP,True,0,260,0.0,2,5342,0.04,,,,0.0,,
FGFR3_HOMDEL,True,1,260,0.38,7,5342,0.13,2.935,0.362,23.769,2.943,,
FGFR4_AMP,True,0,260,0.0,4,5342,0.07,,,,0.0,,
FGFR4_HOMDEL,True,0,260,0.0,1,5342,0.02,,,,0.0,,
FGFR4_HOMDEL_OR_DEEP,True,0,260,0.0,1,5342,0.02,,,,0.0,,
FH_HOMDEL,True,0,260,0.0,3,5342,0.06,,,,0.0,,
FH_HOMDEL_OR_DEEP,True,0,260,0.0,3,5342,0.06,,,,0.0,,
FLCN_AMP,True,0,260,0.0,2,5342,0.04,,,,0.0,,
FLCN_HOMDEL,True,0,260,0.0,21,5342,0.39,,,,0.0,,
FLT4_AMP,True,0,260,0.0,1,5342,0.02,,,,0.0,,
FLT4_HOMDEL,True,0,260,0.0,6,5342,0.11,,,,0.0,,
FOXA1_AMP,True,0,260,0.0,4,5342,0.07,,,,0.0,,
FOXA1_HOMDEL,True,0,260,0.0,5,5342,0.09,,,,0.0,,
FOXO1_HOMDEL,False,0,251,0.0,1,5183,0.02,,,,0.0,,
FOXO1_HOMDEL_OR_DEEP,False,0,251,0.0,1,5183,0.02,,,,0.0,,
FOXP1_AMP,True,0,260,0.0,3,5342,0.06,,,,0.0,,
FOXP1_HOMDEL,True,1,260,0.38,0,5342,0.0,,,,,,
FOXP1_HOMDEL_OR_DEEP,True,1,260,0.38,0,5342,0.0,,,,,,
FUBP1_HOMDEL,True,0,260,0.0,4,5342,0.07,,,,0.0,,
FUBP1_HOMDEL_OR_DEEP,True,0,260,0.0,4,5342,0.07,,,,0.0,,
FYN_HOMDEL,False,0,251,0.0,1,5183,0.02,,,,0.0,,
FYN_HOMDEL_OR_DEEP,False,0,251,0.0,1,5183,0.02,,,,0.0,,
GATA1_HOMDEL,True,0,260,0.0,3,5342,0.06,,,,0.0,,
GATA1_HOMDEL_OR_DEEP,True,0,260,0.0,3,5342,0.06,,,,0.0,,
GATA3_AMP,True,0,260,0.0,1,5342,0.02,,,,0.0,,
GATA3_HOMDEL,True,0,260,0.0,3,5342,0.06,,,,0.0,,
GATA3_HOMDEL_OR_DEEP,True,0,260,0.0,3,5342,0.06,,,,0.0,,
GNA11_AMP,True,0,260,0.0,1,5342,0.02,,,,0.0,,
GNA11_HOMDEL,True,0,260,0.0,5,5342,0.09,,,,0.0,,
GNAQ_HOMDEL,True,0,260,0.0,1,5342,0.02,,,,0.0,,
GNAQ_HOMDEL_OR_DEEP,True,0,260,0.0,1,5342,0.02,,,,0.0,,
GNB1_AMP,False,0,90,0.0,3,1951,0.15,,,,0.0,,
GPS2_AMP,False,0,251,0.0,1,5183,0.02,,,,0.0,,
GPS2_HOMDEL,False,0,251,0.0,9,5183,0.17,,,,0.0,,
GRIN2A_AMP,True,0,260,0.0,2,5342,0.04,,,,0.0,,
GRIN2A_HOMDEL,True,2,260,0.77,0,5342,0.0,,,,,,
GRIN2A_HOMDEL_OR_DEEP,True,2,260,0.77,0,5342,0.0,,,,,,
H1-2_AMP,True,1,260,0.38,3,5342,0.06,6.849,0.715,65.618,6.871,,
H2BC5_AMP,True,1,260,0.38,3,5342,0.06,6.849,0.715,65.618,6.871,,
H3-3A_HOMDEL,False,0,251,0.0,1,5183,0.02,,,,0.0,,
H3-3A_HOMDEL_OR_DEEP,False,0,251,0.0,1,5183,0.02,,,,0.0,,
H3-3B_AMP,False,0,251,0.0,1,5183,0.02,,,,0.0,,
H3-3B_HOMDEL,False,0,251,0.0,3,5183,0.06,,,,0.0,,
H3-3B_HOMDEL_OR_DEEP,False,0,251,0.0,3,5183,0.06,,,,0.0,,
H3-4_HOMDEL,False,0,251,0.0,1,5183,0.02,,,,0.0,,
H3-4_HOMDEL_OR_DEEP,False,0,251,0.0,1,5183,0.02,,,,0.0,,
H3C10_AMP,False,0,251,0.0,2,5183,0.04,,,,0.0,,
H3C10_HOMDEL,False,0,251,0.0,1,5183,0.02,,,,0.0,,
H3C10_HOMDEL_OR_DEEP,False,0,251,0.0,1,5183,0.02,,,,0.0,,
H3C11_AMP,False,0,251,0.0,1,5183,0.02,,,,0.0,,
H3C11_HOMDEL,False,0,251,0.0,1,5183,0.02,,,,0.0,,
H3C11_HOMDEL_OR_DEEP,False,0,251,0.0,1,5183,0.02,,,,0.0,,
H3C12_HOMDEL,False,0,251,0.0,1,5183,0.02,,,,0.0,,
H3C12_HOMDEL_OR_DEEP,False,0,251,0.0,1,5183,0.02,,,,0.0,,
H3C13_AMP,False,0,251,0.0,4,5183,0.08,,,,0.0,,
H3C13_MUT,False,0,251,0.0,4,5183,0.08,,,,0.0,,
H3C14_AMP,False,0,251,0.0,4,5183,0.08,,,,0.0,,
H3C1_AMP,False,1,251,0.4,3,5183,0.06,6.883,0.718,65.94,6.907,,
H3C1_HOMDEL,False,0,251,0.0,1,5183,0.02,,,,0.0,,
H3C1_HOMDEL_OR_DEEP,False,0,251,0.0,1,5183,0.02,,,,0.0,,
H3C2_AMP,True,1,260,0.38,3,5342,0.06,6.849,0.715,65.618,6.871,,
H3C2_HOMDEL,True,0,260,0.0,1,5342,0.02,,,,0.0,,
H3C2_HOMDEL_OR_DEEP,True,0,260,0.0,1,5342,0.02,,,,0.0,,
H3C3_AMP,False,1,251,0.4,3,5183,0.06,6.883,0.718,65.94,6.907,,
H3C4_HOMDEL,False,0,251,0.0,1,5183,0.02,,,,0.0,,
H3C4_HOMDEL_OR_DEEP,False,0,251,0.0,1,5183,0.02,,,,0.0,,
H3C6_HOMDEL,False,0,251,0.0,1,5183,0.02,,,,0.0,,
H3C6_HOMDEL_OR_DEEP,False,0,251,0.0,1,5183,0.02,,,,0.0,,
H3C7_HOMDEL,False,0,251,0.0,1,5183,0.02,,,,0.0,,
H3C7_HOMDEL_OR_DEEP,False,0,251,0.0,1,5183,0.02,,,,0.0,,
H3C8_HOMDEL,False,0,251,0.0,1,5183,0.02,,,,0.0,,
H3C8_HOMDEL_OR_DEEP,False,0,251,0.0,1,5183,0.02,,,,0.0,,
HGF_AMP,True,0,260,0.0,3,5342,0.06,,,,0.0,,
HLA-A_AMP,False,0,251,0.0,1,5183,0.02,,,,0.0,,
HLA-A_HOMDEL,False,0,251,0.0,1,5183,0.02,,,,0.0,,
HLA-A_HOMDEL_OR_DEEP,False,0,251,0.0,2,5183,0.04,,,,0.0,,
HLA-B_AMP,False,0,211,0.0,3,4469,0.07,,,,0.0,,
HLA-B_HOMDEL,False,2,211,0.95,1,4469,0.02,42.36,3.856,465.324,42.756,,
HLA-B_HOMDEL_OR_DEEP,False,2,211,0.95,1,4469,0.02,42.36,3.856,465.324,42.756,,
HLA-C_AMP,False,0,90,0.0,1,1951,0.05,,,,0.0,,
HNF1A_AMP,True,1,260,0.38,1,5342,0.02,20.546,1.289,327.581,20.622,,
HRAS_MUT,True,0,260,0.0,4,5342,0.07,,,,0.0,,
ICOSLG_AMP,True,0,260,0.0,1,5342,0.02,,,,0.0,,
ICOSLG_HOMDEL,True,1,260,0.38,4,5342,0.07,5.137,0.576,45.796,5.153,,
ID3_HOMDEL,False,1,251,0.4,6,5183,0.12,3.442,0.416,28.479,3.451,,
ID3_MUT,False,0,251,0.0,2,5183,0.04,,,,0.0,,
IDH1_HOMDEL,True,0,260,0.0,1,5342,0.02,,,,0.0,,
IDH1_HOMDEL_OR_DEEP,True,0,260,0.0,1,5342,0.02,,,,0.0,,
IGF1_HOMDEL,True,0,260,0.0,1,5342,0.02,,,,0.0,,
IGF1_HOMDEL_OR_DEEP,True,0,260,0.0,1,5342,0.02,,,,0.0,,
IGF2_HOMDEL,True,0,260,0.0,1,5342,0.02,,,,0.0,,
IGF2_HOMDEL_OR_DEEP,True,0,260,0.0,1,5342,0.02,,,,0.0,,
IKBKE_AMP,True,0,260,0.0,2,5342,0.04,,,,0.0,,
IKBKE_HOMDEL,True,0,260,0.0,1,5342,0.02,,,,0.0,,
IKBKE_HOMDEL_OR_DEEP,True,0,260,0.0,1,5342,0.02,,,,0.0,,
IKZF1_HOMDEL,True,0,260,0.0,2,5342,0.04,,,,0.0,,
IKZF1_HOMDEL_OR_DEEP,True,0,260,0.0,2,5342,0.04,,,,0.0,,
IL10_AMP,True,0,260,0.0,4,5342,0.07,,,,0.0,,
IL10_HOMDEL,True,0,260,0.0,1,5342,0.02,,,,0.0,,
IL10_HOMDEL_OR_DEEP,True,0,260,0.0,1,5342,0.02,,,,0.0,,
INHA_AMP,False,0,251,0.0,2,5183,0.04,,,,0.0,,
INPP4B_HOMDEL,True,0,260,0.0,2,5342,0.04,,,,0.0,,
INPPL1_AMP,False,0,211,0.0,4,4469,0.09,,,,0.0,,
INPPL1_HOMDEL,False,0,211,0.0,2,4469,0.04,,,,0.0,,
INPPL1_HOMDEL_OR_DEEP,False,0,211,0.0,2,4469,0.04,,,,0.0,,
INSR_HOMDEL,True,0,260,0.0,1,5342,0.02,,,,0.0,,
INSR_HOMDEL_OR_DEEP,True,0,260,0.0,1,5342,0.02,,,,0.0,,
IRF4_AMP,True,0,260,0.0,1,5342,0.02,,,,0.0,,
IRF4_HOMDEL,True,1,260,0.38,3,5342,0.06,6.849,0.715,65.618,6.871,,
IRF4_HOMDEL_OR_DEEP,True,1,260,0.38,3,5342,0.06,6.849,0.715,65.618,6.871,,
JAK1_AMP,True,0,260,0.0,1,5342,0.02,,,,0.0,,
JAK1_HOMDEL,True,0,260,0.0,5,5342,0.09,,,,0.0,,
JAK2_HOMDEL,True,1,260,0.38,1,5342,0.02,20.546,1.289,327.581,20.622,,
JAK2_HOMDEL_OR_DEEP,True,1,260,0.38,1,5342,0.02,20.546,1.289,327.581,20.622,,
JAK3_AMP,True,0,260,0.0,2,5342,0.04,,,,0.0,,
JUN_HOMDEL,True,0,260,0.0,4,5342,0.07,,,,0.0,,
JUN_HOMDEL_OR_DEEP,True,0,260,0.0,4,5342,0.07,,,,0.0,,
KDM5A_HOMDEL,True,0,260,0.0,3,5342,0.06,,,,0.0,,
KDM5A_HOMDEL_OR_DEEP,True,0,260,0.0,4,5342,0.07,,,,0.0,,
KDM5C_HOMDEL,True,0,260,0.0,2,5342,0.04,,,,0.0,,
KDM5C_HOMDEL_OR_DEEP,True,0,260,0.0,3,5342,0.06,,,,0.0,,
KDM6A_AMP,True,0,260,0.0,4,5342,0.07,,,,0.0,,
KDR_AMP,True,0,260,0.0,1,5342,0.02,,,,0.0,,
KDR_HOMDEL,True,0,260,0.0,1,5342,0.02,,,,0.0,,
KDR_HOMDEL_OR_DEEP,True,0,260,0.0,1,5342,0.02,,,,0.0,,
KIT_HOMDEL,True,0,260,0.0,1,5342,0.02,,,,0.0,,
KIT_HOMDEL_OR_DEEP,True,0,260,0.0,1,5342,0.02,,,,0.0,,
KLF4_AMP,True,0,260,0.0,3,5342,0.06,,,,0.0,,
KLF4_HOMDEL,True,0,260,0.0,1,5342,0.02,,,,0.0,,
KLF4_HOMDEL_OR_DEEP,True,0,260,0.0,1,5342,0.02,,,,0.0,,
KMT2A_AMP,True,0,260,0.0,1,5342,0.02,,,,0.0,,
KMT2C_AMP,True,0,260,0.0,1,5342,0.02,,,,0.0,,
KNSTRN_AMP,False,1,211,0.47,0,4469,0.0,,,,,,
KNSTRN_HOMDEL,False,0,211,0.0,1,4469,0.02,,,,0.0,,
KNSTRN_HOMDEL_OR_DEEP,False,0,211,0.0,2,4469,0.04,,,,0.0,,
LATS1_AMP,True,1,260,0.38,1,5342,0.02,20.546,1.289,327.581,20.622,,
LMO1_AMP,True,1,260,0.38,1,5342,0.02,20.546,1.289,327.581,20.622,,
LMO1_HOMDEL,True,0,260,0.0,1,5342,0.02,,,,0.0,,
LMO1_HOMDEL_OR_DEEP,True,0,260,0.0,1,5342,0.02,,,,0.0,,
MAD2L2_AMP,False,0,90,0.0,1,1951,0.05,,,,0.0,,
MAD2L2_MUT,False,0,90,0.0,1,1951,0.05,,,,0.0,,
MALT1_HOMDEL,False,1,251,0.4,28,5183,0.54,0.737,0.101,5.399,0.736,,
MAP2K1_AMP,True,0,260,0.0,2,5342,0.04,,,,0.0,,
MAP2K2_AMP,True,0,260,0.0,1,5342,0.02,,,,0.0,,
MAP2K2_HOMDEL,True,0,260,0.0,4,5342,0.07,,,,0.0,,
MAP2K2_HOMDEL_OR_DEEP,True,0,260,0.0,4,5342,0.07,,,,0.0,,
MAP2K4_HOMDEL,True,1,260,0.38,42,5342,0.79,0.489,0.068,3.541,0.487,,
MAP3K13_AMP,True,2,260,0.77,2,5342,0.04,20.546,2.906,145.288,20.698,,
MAP3K1_HOMDEL,True,1,260,0.38,4,5342,0.07,5.137,0.576,45.796,5.153,,
MAX_HOMDEL,True,0,260,0.0,1,5342,0.02,,,,0.0,,
MAX_HOMDEL_OR_DEEP,True,0,260,0.0,1,5342,0.02,,,,0.0,,
MDC1_AMP,True,1,260,0.38,1,5342,0.02,20.546,1.289,327.581,20.622,,
MEN1_HOMDEL,True,0,260,0.0,3,5342,0.06,,,,0.0,,
MEN1_HOMDEL_OR_DEEP,True,0,260,0.0,3,5342,0.06,,,,0.0,,
MGA_AMP,False,1,251,0.4,0,5183,0.0,,,,,,
MGA_HOMDEL,False,0,251,0.0,4,5183,0.08,,,,0.0,,
MGA_HOMDEL_OR_DEEP,False,0,251,0.0,4,5183,0.08,,,,0.0,,
MITF_AMP,True,0,260,0.0,3,5342,0.06,,,,0.0,,
MITF_HOMDEL,True,1,260,0.38,0,5342,0.0,,,,,,
MITF_HOMDEL_OR_DEEP,True,1,260,0.38,0,5342,0.0,,,,,,
MSH2_AMP,True,0,260,0.0,4,5342,0.07,,,,0.0,,
MSH3_HOMDEL,False,0,211,0.0,4,4469,0.09,,,,0.0,,
MSH3_HOMDEL_OR_DEEP,False,0,211,0.0,4,4469,0.09,,,,0.0,,
MSH6_AMP,True,0,260,0.0,4,5342,0.07,,,,0.0,,
MSI1_AMP,False,0,211,0.0,1,4469,0.02,,,,0.0,,
MST1R_HOMDEL,False,0,251,0.0,1,5183,0.02,,,,0.0,,
MST1R_HOMDEL_OR_DEEP,False,0,251,0.0,1,5183,0.02,,,,0.0,,
MST1_HOMDEL,False,0,251,0.0,1,5183,0.02,,,,0.0,,
MST1_HOMDEL_OR_DEEP,False,0,251,0.0,1,5183,0.02,,,,0.0,,
MTAP_AMP,False,0,90,0.0,1,1951,0.05,,,,0.0,,
MTAP_HOMDEL,False,2,90,2.22,9,1951,0.46,4.817,1.056,21.972,4.904,,
MTOR_AMP,True,0,260,0.0,1,5342,0.02,,,,0.0,,
MTOR_HOMDEL,True,0,260,0.0,3,5342,0.06,,,,0.0,,
MTOR_HOMDEL_OR_DEEP,True,0,260,0.0,3,5342,0.06,,,,0.0,,
MUTYH_HOMDEL,True,0,260,0.0,1,5342,0.02,,,,0.0,,
MUTYH_HOMDEL_OR_DEEP,True,0,260,0.0,2,5342,0.04,,,,0.0,,
MYCL_HOMDEL,True,0,260,0.0,1,5342,0.02,,,,0.0,,
MYCL_HOMDEL_OR_DEEP,True,0,260,0.0,1,5342,0.02,,,,0.0,,
MYCN_AMP,True,0,260,0.0,3,5342,0.06,,,,0.0,,
NADK_AMP,False,0,90,0.0,3,1951,0.15,,,,0.0,,
NCOR1_AMP,True,0,260,0.0,1,5342,0.02,,,,0.0,,
NCOR1_HOMDEL,True,0,260,0.0,16,5342,0.3,,,,0.0,,
NEGR1_HOMDEL,False,1,251,0.4,8,5183,0.15,2.581,0.324,20.559,2.587,,
NF1_HOMDEL,True,0,260,0.0,1,5342,0.02,,,,0.0,,
NF1_HOMDEL_OR_DEEP,True,0,260,0.0,4,5342,0.07,,,,0.0,,
NF2_AMP,True,0,260,0.0,3,5342,0.06,,,,0.0,,
NF2_HOMDEL_OR_DEEP,True,0,260,0.0,1,5342,0.02,,,,0.0,,
NFKBIA_HOMDEL,False,0,251,0.0,1,5183,0.02,,,,0.0,,
NFKBIA_HOMDEL_OR_DEEP,False,0,251,0.0,1,5183,0.02,,,,0.0,,
NKX2-1_AMP,True,0,260,0.0,1,5342,0.02,,,,0.0,,
NKX2-1_HOMDEL,True,0,260,0.0,10,5342,0.19,,,,0.0,,
NKX3-1_HOMDEL,True,3,260,1.15,167,5342,3.13,0.369,0.119,1.148,0.362,,
NOTCH1_HOMDEL,True,0,260,0.0,1,5342,0.02,,,,0.0,,
NOTCH1_HOMDEL_OR_DEEP,True,0,260,0.0,1,5342,0.02,,,,0.0,,
NOTCH2_HOMDEL,True,0,260,0.0,1,5342,0.02,,,,0.0,,
NOTCH2_HOMDEL_OR_DEEP,True,0,260,0.0,3,5342,0.06,,,,0.0,,
NOTCH3_HOMDEL,True,0,260,0.0,1,5342,0.02,,,,0.0,,
NOTCH3_HOMDEL_OR_DEEP,True,0,260,0.0,1,5342,0.02,,,,0.0,,
NOTCH4_AMP,True,0,260,0.0,1,5342,0.02,,,,0.0,,
NRAS_HOMDEL,True,0,260,0.0,4,5342,0.07,,,,0.0,,
NRAS_HOMDEL_OR_DEEP,True,0,260,0.0,4,5342,0.07,,,,0.0,,
NSD1_AMP,True,0,260,0.0,3,5342,0.06,,,,0.0,,
NSD2_AMP,False,0,211,0.0,1,4469,0.02,,,,0.0,,
NSD2_HOMDEL,False,1,211,0.47,7,4469,0.16,3.026,0.374,24.482,3.035,,
NSD3_HOMDEL,False,1,211,0.47,25,4469,0.56,0.847,0.115,6.223,0.846,,
NTHL1_AMP,False,0,211,0.0,3,4469,0.07,,,,0.0,,
NTHL1_HOMDEL,False,1,211,0.47,2,4469,0.04,10.59,0.964,116.331,10.636,,
NTHL1_HOMDEL_OR_DEEP,False,1,211,0.47,2,4469,0.04,10.59,0.964,116.331,10.636,,
NTRK3_AMP,True,0,260,0.0,2,5342,0.04,,,,0.0,,
NTRK3_HOMDEL,True,0,260,0.0,9,5342,0.17,,,,0.0,,
NUF2_AMP,False,0,211,0.0,1,4469,0.02,,,,0.0,,
NUP93_AMP,False,0,251,0.0,1,5183,0.02,,,,0.0,,
PAK5_HOMDEL,True,0,260,0.0,15,5342,0.28,,,,0.0,,
PARP1_HOMDEL,True,0,260,0.0,3,5342,0.06,,,,0.0,,
PARP1_HOMDEL_OR_DEEP,True,0,260,0.0,3,5342,0.06,,,,0.0,,
PAX5_HOMDEL,True,0,260,0.0,2,5342,0.04,,,,0.0,,
PAX5_HOMDEL_OR_DEEP,True,0,260,0.0,2,5342,0.04,,,,0.0,,
PDCD1LG2_HOMDEL,False,0,211,0.0,1,4469,0.02,,,,0.0,,
PDCD1LG2_HOMDEL_OR_DEEP,False,0,211,0.0,1,4469,0.02,,,,0.0,,
PDCD1_HOMDEL,True,0,260,0.0,1,5342,0.02,,,,0.0,,
PDCD1_HOMDEL_OR_DEEP,True,0,260,0.0,1,5342,0.02,,,,0.0,,
PDGFRA_AMP,True,0,260,0.0,3,5342,0.06,,,,0.0,,
PDGFRA_HOMDEL,True,0,260,0.0,1,5342,0.02,,,,0.0,,
PDGFRA_HOMDEL_OR_DEEP,True,0,260,0.0,1,5342,0.02,,,,0.0,,
PDGFRB_HOMDEL,True,0,260,0.0,3,5342,0.06,,,,0.0,,
PDGFRB_HOMDEL_OR_DEEP,True,0,260,0.0,3,5342,0.06,,,,0.0,,
PGBD5_HOMDEL,False,0,90,0.0,1,1951,0.05,,,,0.0,,
PGBD5_HOMDEL_OR_DEEP,False,0,90,0.0,1,1951,0.05,,,,0.0,,
PGR_HOMDEL_OR_DEEP,False,0,251,0.0,1,5183,0.02,,,,0.0,,
PHF6_AMP,False,0,90,0.0,1,1951,0.05,,,,0.0,,
PHF6_MUT,False,0,90,0.0,4,1951,0.21,,,,0.0,,
PHOX2B_AMP,True,0,260,0.0,1,5342,0.02,,,,0.0,,
PHOX2B_HOMDEL,True,1,260,0.38,3,5342,0.06,6.849,0.715,65.618,6.871,,
PHOX2B_HOMDEL_OR_DEEP,True,1,260,0.38,3,5342,0.06,6.849,0.715,65.618,6.871,,
PIK3C2G_HOMDEL,True,0,260,0.0,1,5342,0.02,,,,0.0,,
PIK3C2G_HOMDEL_OR_DEEP,True,0,260,0.0,4,5342,0.07,,,,0.0,,
PIK3C3_HOMDEL,True,0,260,0.0,20,5342,0.37,,,,0.0,,
PIK3CD_AMP,True,0,260,0.0,1,5342,0.02,,,,0.0,,
PIK3CD_HOMDEL,True,0,260,0.0,4,5342,0.07,,,,0.0,,
PIK3CD_HOMDEL_OR_DEEP,True,0,260,0.0,4,5342,0.07,,,,0.0,,
PIK3CG_AMP,True,2,260,0.77,1,5342,0.02,41.092,3.738,451.733,41.403,,
PIK3R1_HOMDEL,True,0,260,0.0,10,5342,0.19,,,,0.0,,
PIK3R2_AMP,True,0,260,0.0,3,5342,0.06,,,,0.0,,
PIK3R2_HOMDEL_OR_DEEP,True,0,260,0.0,1,5342,0.02,,,,0.0,,
PIK3R3_AMP,True,0,260,0.0,3,5342,0.06,,,,0.0,,
PLCG2_HOMDEL_OR_DEEP,False,0,251,0.0,1,5183,0.02,,,,0.0,,
PLK2_AMP,True,1,260,0.38,3,5342,0.06,6.849,0.715,65.618,6.871,,
PLK2_HOMDEL,True,0,260,0.0,3,5342,0.06,,,,0.0,,
PLK2_HOMDEL_OR_DEEP,True,0,260,0.0,3,5342,0.06,,,,0.0,,
PMAIP1_HOMDEL,True,0,260,0.0,30,5342,0.56,,,,0.0,,
PMAIP1_MUT,True,1,260,0.38,2,5342,0.04,10.273,0.934,112.933,10.309,,
PMS1_AMP,True,0,260,0.0,2,5342,0.04,,,,0.0,,
PNRC1_HOMDEL,True,0,260,0.0,1,5342,0.02,,,,0.0,,
PNRC1_HOMDEL_OR_DEEP,True,0,260,0.0,1,5342,0.02,,,,0.0,,
POLD1_HOMDEL,False,0,251,0.0,1,5183,0.02,,,,0.0,,
POLD1_HOMDEL_OR_DEEP,False,0,251,0.0,1,5183,0.02,,,,0.0,,
POLE_HOMDEL,True,0,260,0.0,2,5342,0.04,,,,0.0,,
POLE_HOMDEL_OR_DEEP,True,0,260,0.0,3,5342,0.06,,,,0.0,,
PPARG_AMP,False,0,211,0.0,1,4469,0.02,,,,0.0,,
PPM1D_AMP,False,0,251,0.0,2,5183,0.04,,,,0.0,,
PPM1D_HOMDEL_OR_DEEP,False,0,251,0.0,1,5183,0.02,,,,0.0,,
PPP2R1A_HOMDEL,True,0,260,0.0,1,5342,0.02,,,,0.0,,
PPP2R1A_HOMDEL_OR_DEEP,True,0,260,0.0,1,5342,0.02,,,,0.0,,
PPP4R2_AMP,False,0,211,0.0,2,4469,0.04,,,,0.0,,
PPP4R2_HOMDEL,False,0,211,0.0,1,4469,0.02,,,,0.0,,
PPP4R2_HOMDEL_OR_DEEP,False,0,211,0.0,1,4469,0.02,,,,0.0,,
PRDM14_HOMDEL,False,1,211,0.47,0,4469,0.0,,,,,,
PRDM14_HOMDEL_OR_DEEP,False,1,211,0.47,0,4469,0.0,,,,,,
PRDM1_AMP,True,0,260,0.0,4,5342,0.07,,,,0.0,,
PRDM1_HOMDEL,True,1,260,0.38,1,5342,0.02,20.546,1.289,327.581,20.622,,
PRDM1_HOMDEL_OR_DEEP,True,1,260,0.38,1,5342,0.02,20.546,1.289,327.581,20.622,,
PREX2_HOMDEL,False,0,211,0.0,1,4469,0.02,,,,0.0,,
PREX2_HOMDEL_OR_DEEP,False,0,211,0.0,1,4469,0.02,,,,0.0,,
PRKAR1A_AMP,True,0,260,0.0,3,5342,0.06,,,,0.0,,
PRKAR1A_HOMDEL,True,0,260,0.0,3,5342,0.06,,,,0.0,,
PRKAR1A_HOMDEL_OR_DEEP,True,0,260,0.0,3,5342,0.06,,,,0.0,,
PRKD1_AMP,False,0,211,0.0,2,4469,0.04,,,,0.0,,
PRKD1_HOMDEL,False,0,211,0.0,4,4469,0.09,,,,0.0,,
PRKN_HOMDEL,True,0,260,0.0,4,5342,0.07,,,,0.0,,
PTCH1_AMP,True,0,260,0.0,1,5342,0.02,,,,0.0,,
PTCH1_HOMDEL,True,0,260,0.0,1,5342,0.02,,,,0.0,,
PTCH1_HOMDEL_OR_DEEP,True,0,260,0.0,1,5342,0.02,,,,0.0,,
PTEN_HOMDEL,True,7,260,2.69,47,5342,0.88,3.06,1.397,6.704,3.117,,
PTP4A1_AMP,False,0,211,0.0,2,4469,0.04,,,,0.0,,
PTPRD_AMP,True,0,260,0.0,3,5342,0.06,,,,0.0,,
PTPRD_HOMDEL,True,2,260,0.77,2,5342,0.04,20.546,2.906,145.288,20.698,,
PTPRS_AMP,True,1,260,0.38,2,5342,0.04,10.273,0.934,112.933,10.309,,
PTPRS_HOMDEL,True,0,260,0.0,3,5342,0.06,,,,0.0,,
PTPRS_HOMDEL_OR_DEEP,True,0,260,0.0,3,5342,0.06,,,,0.0,,
PTPRT_HOMDEL,True,0,260,0.0,1,5342,0.02,,,,0.0,,
PTPRT_HOMDEL_OR_DEEP,True,0,260,0.0,2,5342,0.04,,,,0.0,,
RAB35_AMP,False,0,251,0.0,1,5183,0.02,,,,0.0,,
RAC2_HOMDEL,False,0,211,0.0,6,4469,0.13,,,,0.0,,
RAC2_MUT,False,0,211,0.0,3,4469,0.07,,,,0.0,,
RAD50_HOMDEL,True,0,260,0.0,2,5342,0.04,,,,0.0,,
RAD50_HOMDEL_OR_DEEP,True,0,260,0.0,2,5342,0.04,,,,0.0,,
RAD51B_HOMDEL_OR_DEEP,True,0,260,0.0,2,5342,0.04,,,,0.0,,
RAD51C_AMP,True,0,260,0.0,1,5342,0.02,,,,0.0,,
RAD51C_HOMDEL,True,1,260,0.38,0,5342,0.0,,,,,,
RAD51C_HOMDEL_OR_DEEP,True,1,260,0.38,0,5342,0.0,,,,,,
RAD51D_AMP,True,1,260,0.38,3,5342,0.06,6.849,0.715,65.618,6.871,,
RAD51_AMP,True,1,260,0.38,0,5342,0.0,,,,,,
RAD51_HOMDEL,True,0,260,0.0,1,5342,0.02,,,,0.0,,
RAD51_HOMDEL_OR_DEEP,True,0,260,0.0,1,5342,0.02,,,,0.0,,
RAF1_AMP,True,0,260,0.0,1,5342,0.02,,,,0.0,,
RARA_HOMDEL,True,0,260,0.0,1,5342,0.02,,,,0.0,,
RARA_HOMDEL_OR_DEEP,True,0,260,0.0,1,5342,0.02,,,,0.0,,
RASA1_HOMDEL,True,0,260,0.0,11,5342,0.21,,,,0.0,,
RB1_HOMDEL,True,1,260,0.38,3,5342,0.06,6.849,0.715,65.618,6.871,,
RB1_HOMDEL_OR_DEEP,True,1,260,0.38,3,5342,0.06,6.849,0.715,65.618,6.871,,
RBM10_HOMDEL,True,0,260,0.0,2,5342,0.04,,,,0.0,,
RBM10_HOMDEL_OR_DEEP,True,0,260,0.0,2,5342,0.04,,,,0.0,,
RECQL4_HOMDEL,True,0,260,0.0,4,5342,0.07,,,,0.0,,
RECQL4_HOMDEL_OR_DEEP,True,0,260,0.0,4,5342,0.07,,,,0.0,,
REL_AMP,True,0,260,0.0,2,5342,0.04,,,,0.0,,
REL_HOMDEL_OR_DEEP,True,0,260,0.0,1,5342,0.02,,,,0.0,,
RET_AMP,True,1,260,0.38,2,5342,0.04,10.273,0.934,112.933,10.309,,
RET_HOMDEL,True,0,260,0.0,9,5342,0.17,,,,0.0,,
RIT1_AMP,True,0,260,0.0,2,5342,0.04,,,,0.0,,
RNF43_HOMDEL,True,0,260,0.0,3,5342,0.06,,,,0.0,,
ROS1_HOMDEL,True,0,260,0.0,2,5342,0.04,,,,0.0,,
ROS1_HOMDEL_OR_DEEP,True,0,260,0.0,2,5342,0.04,,,,0.0,,
RPS6KA4_HOMDEL,True,0,260,0.0,1,5342,0.02,,,,0.0,,
RPS6KA4_HOMDEL_OR_DEEP,True,0,260,0.0,1,5342,0.02,,,,0.0,,
RPS6KB2_HOMDEL,True,0,260,0.0,3,5342,0.06,,,,0.0,,
RPS6KB2_HOMDEL_OR_DEEP,True,0,260,0.0,3,5342,0.06,,,,0.0,,
RPTOR_AMP,True,0,260,0.0,3,5342,0.06,,,,0.0,,
RPTOR_HOMDEL_OR_DEEP,True,0,260,0.0,1,5342,0.02,,,,0.0,,
RRAS2_AMP,False,0,211,0.0,3,4469,0.07,,,,0.0,,
RRAS_AMP,False,0,211,0.0,1,4469,0.02,,,,0.0,,
RRAS_HOMDEL,False,0,211,0.0,1,4469,0.02,,,,0.0,,
RRAS_HOMDEL_OR_DEEP,False,0,211,0.0,1,4469,0.02,,,,0.0,,
RUNX1_HOMDEL,True,1,260,0.38,5,5342,0.09,4.109,0.482,35.047,4.121,,
RXRA_AMP,False,0,211,0.0,1,4469,0.02,,,,0.0,,
RXRA_HOMDEL,False,0,211,0.0,2,4469,0.04,,,,0.0,,
RXRA_HOMDEL_OR_DEEP,False,0,211,0.0,2,4469,0.04,,,,0.0,,
SDHAF2_AMP,True,0,260,0.0,1,5342,0.02,,,,0.0,,
SDHA_HOMDEL,True,1,260,0.38,0,5342,0.0,,,,,,
SDHA_HOMDEL_OR_DEEP,True,1,260,0.38,0,5342,0.0,,,,,,
SDHB_HOMDEL,True,0,260,0.0,1,5342,0.02,,,,0.0,,
SDHB_HOMDEL_OR_DEEP,True,0,260,0.0,1,5342,0.02,,,,0.0,,
SDHC_AMP,True,0,260,0.0,1,5342,0.02,,,,0.0,,
SDHD_AMP,True,0,260,0.0,1,5342,0.02,,,,0.0,,
SERPINB3_AMP,False,1,90,1.11,0,1951,0.0,,,,,,
SERPINB3_HOMDEL,False,0,90,0.0,9,1951,0.46,,,,0.0,,
SERPINB4_AMP,False,1,90,1.11,0,1951,0.0,,,,,,
SERPINB4_HOMDEL,False,0,90,0.0,10,1951,0.51,,,,0.0,,
SESN1_HOMDEL,False,1,211,0.47,2,4469,0.04,10.59,0.964,116.331,10.636,,
SESN1_HOMDEL_OR_DEEP,False,1,211,0.47,2,4469,0.04,10.59,0.964,116.331,10.636,,
SESN2_HOMDEL,False,1,211,0.47,7,4469,0.16,3.026,0.374,24.482,3.035,,
SF3B1_AMP,True,0,260,0.0,4,5342,0.07,,,,0.0,,
SH2D1A_AMP,True,0,260,0.0,1,5342,0.02,,,,0.0,,
SH2D1A_HOMDEL,True,0,260,0.0,1,5342,0.02,,,,0.0,,
SH2D1A_HOMDEL_OR_DEEP,True,0,260,0.0,1,5342,0.02,,,,0.0,,
SHOC2_AMP,False,0,211,0.0,3,4469,0.07,,,,0.0,,
SLFN11_AMP,False,0,90,0.0,1,1951,0.05,,,,0.0,,
SLFN11_HOMDEL,False,1,90,1.11,0,1951,0.0,,,,,,
SLFN11_HOMDEL_OR_DEEP,False,1,90,1.11,0,1951,0.0,,,,,,
SLX4_AMP,False,0,211,0.0,2,4469,0.04,,,,0.0,,
SLX4_HOMDEL,False,1,211,0.47,0,4469,0.0,,,,,,
SLX4_HOMDEL_OR_DEEP,False,1,211,0.47,0,4469,0.0,,,,,,
SMAD2_HOMDEL,True,1,260,0.38,46,5342,0.86,0.447,0.062,3.226,0.445,,
SMAD3_HOMDEL,True,1,260,0.38,41,5342,0.77,0.501,0.069,3.629,0.499,,
SMAD4_HOMDEL,True,12,260,4.62,153,5342,2.86,1.611,0.907,2.862,1.641,,
SMARCA2_AMP,False,0,90,0.0,2,1951,0.1,,,,0.0,,
SMARCA2_HOMDEL,False,1,90,1.11,1,1951,0.05,21.678,1.367,343.807,21.91,,
SMARCA2_HOMDEL_OR_DEEP,False,1,90,1.11,1,1951,0.05,21.678,1.367,343.807,21.91,,
SMARCA4_HOMDEL,True,0,260,0.0,1,5342,0.02,,,,0.0,,
SMARCA4_HOMDEL_OR_DEEP,True,0,260,0.0,2,5342,0.04,,,,0.0,,
SMARCB1_AMP,True,0,260,0.0,3,5342,0.06,,,,0.0,,
SMARCB1_HOMDEL,True,0,260,0.0,1,5342,0.02,,,,0.0,,
SMARCB1_HOMDEL_OR_DEEP,True,0,260,0.0,1,5342,0.02,,,,0.0,,
SMARCD1_HOMDEL,True,0,260,0.0,1,5342,0.02,,,,0.0,,
SMARCD1_HOMDEL_OR_DEEP,True,0,260,0.0,1,5342,0.02,,,,0.0,,
SMARCE1_MUT,False,0,90,0.0,4,1951,0.21,,,,0.0,,
SMYD3_HOMDEL_OR_DEEP,False,0,211,0.0,2,4469,0.04,,,,0.0,,
SOX2_AMP,True,0,260,0.0,1,5342,0.02,,,,0.0,,
SOX9_AMP,True,0,260,0.0,1,5342,0.02,,,,0.0,,
SOX9_HOMDEL,True,0,260,0.0,13,5342,0.24,,,,0.0,,
SPEN_AMP,True,0,260,0.0,1,5342,0.02,,,,0.0,,
SPEN_HOMDEL,True,0,260,0.0,1,5342,0.02,,,,0.0,,
SPEN_HOMDEL_OR_DEEP,True,0,260,0.0,1,5342,0.02,,,,0.0,,
SPRED1_AMP,False,1,211,0.47,0,4469,0.0,,,,,,
SPRED1_HOMDEL,False,0,211,0.0,1,4469,0.02,,,,0.0,,
SPRED1_HOMDEL_OR_DEEP,False,0,211,0.0,1,4469,0.02,,,,0.0,,
SPRTN_HOMDEL,False,0,90,0.0,1,1951,0.05,,,,0.0,,
SPRTN_HOMDEL_OR_DEEP,False,0,90,0.0,1,1951,0.05,,,,0.0,,
SRSF2_AMP,False,0,251,0.0,2,5183,0.04,,,,0.0,,
SRSF2_HOMDEL,False,0,251,0.0,3,5183,0.06,,,,0.0,,
SRSF2_HOMDEL_OR_DEEP,False,0,251,0.0,3,5183,0.06,,,,0.0,,
SRSF2_MUT,False,0,251,0.0,4,5183,0.08,,,,0.0,,
STAG2_AMP,True,0,260,0.0,1,5342,0.02,,,,0.0,,
STAG2_HOMDEL,True,0,260,0.0,1,5342,0.02,,,,0.0,,
STAG2_HOMDEL_OR_DEEP,True,0,260,0.0,1,5342,0.02,,,,0.0,,
STK11_AMP,True,0,260,0.0,1,5342,0.02,,,,0.0,,
STK11_HOMDEL,True,0,260,0.0,5,5342,0.09,,,,0.0,,
STK40_HOMDEL,True,0,260,0.0,1,5342,0.02,,,,0.0,,
STK40_HOMDEL_OR_DEEP,True,0,260,0.0,1,5342,0.02,,,,0.0,,
SUFU_AMP,True,0,260,0.0,2,5342,0.04,,,,0.0,,
SUFU_HOMDEL,True,0,260,0.0,2,5342,0.04,,,,0.0,,
SUFU_HOMDEL_OR_DEEP,True,0,260,0.0,2,5342,0.04,,,,0.0,,
SYK_AMP,True,0,260,0.0,1,5342,0.02,,,,0.0,,
TAP1_AMP,False,0,211,0.0,1,4469,0.02,,,,0.0,,
TAP2_AMP,False,0,211,0.0,1,4469,0.02,,,,0.0,,
TBX3_HOMDEL,True,0,260,0.0,1,5342,0.02,,,,0.0,,
TBX3_HOMDEL_OR_DEEP,True,0,260,0.0,1,5342,0.02,,,,0.0,,
TCF3_HOMDEL,False,0,251,0.0,4,5183,0.08,,,,0.0,,
TCF3_HOMDEL_OR_DEEP,False,0,251,0.0,4,5183,0.08,,,,0.0,,
TCF7L2_HOMDEL,False,0,251,0.0,3,5183,0.06,,,,0.0,,
TEK_AMP,False,0,211,0.0,1,4469,0.02,,,,0.0,,
TEK_HOMDEL,False,0,211,0.0,6,4469,0.13,,,,0.0,,
TENT5C_AMP,True,0,260,0.0,4,5342,0.07,,,,0.0,,
TENT5C_HOMDEL,True,0,260,0.0,2,5342,0.04,,,,0.0,,
TENT5C_HOMDEL_OR_DEEP,True,0,260,0.0,2,5342,0.04,,,,0.0,,
TERT_HOMDEL,True,1,260,0.38,1,5342,0.02,20.546,1.289,327.581,20.622,,
TERT_HOMDEL_OR_DEEP,True,1,260,0.38,1,5342,0.02,20.546,1.289,327.581,20.622,,
TET1_AMP,True,0,260,0.0,2,5342,0.04,,,,0.0,,
TET1_HOMDEL,True,0,260,0.0,3,5342,0.06,,,,0.0,,
TET1_HOMDEL_OR_DEEP,True,0,260,0.0,3,5342,0.06,,,,0.0,,
TET2_HOMDEL,True,0,260,0.0,3,5342,0.06,,,,0.0,,
TGFBR2_HOMDEL,True,2,260,0.77,9,5342,0.17,4.566,0.991,21.025,4.593,,
TMPRSS2_HOMDEL,True,1,260,0.38,3,5342,0.06,6.849,0.715,65.618,6.871,,
TMPRSS2_HOMDEL_OR_DEEP,True,1,260,0.38,3,5342,0.06,6.849,0.715,65.618,6.871,,
TNFRSF14_AMP,True,0,260,0.0,3,5342,0.06,,,,0.0,,
TNFRSF14_HOMDEL,True,0,260,0.0,2,5342,0.04,,,,0.0,,
TNFRSF14_HOMDEL_OR_DEEP,True,0,260,0.0,2,5342,0.04,,,,0.0,,
TP53BP1_AMP,False,1,211,0.47,0,4469,0.0,,,,,,
TP53BP1_HOMDEL,False,0,211,0.0,1,4469,0.02,,,,0.0,,
TP53BP1_HOMDEL_OR_DEEP,False,0,211,0.0,1,4469,0.02,,,,0.0,,
TP53_AMP,True,0,260,0.0,1,5342,0.02,,,,0.0,,
TP53_HOMDEL,True,1,260,0.38,19,5342,0.36,1.081,0.145,8.047,1.082,,
TP63_HOMDEL,True,0,260,0.0,1,5342,0.02,,,,0.0,,
TP63_HOMDEL_OR_DEEP,True,0,260,0.0,1,5342,0.02,,,,0.0,,
TRAF7_AMP,True,0,260,0.0,3,5342,0.06,,,,0.0,,
TRAF7_HOMDEL,True,1,260,0.38,0,5342,0.0,,,,,,
TRAF7_HOMDEL_OR_DEEP,True,1,260,0.38,0,5342,0.0,,,,,,
TRIP13_AMP,False,0,90,0.0,3,1951,0.15,,,,0.0,,
TRIP13_HOMDEL,False,1,90,1.11,0,1951,0.0,,,,,,
TRIP13_HOMDEL_OR_DEEP,False,1,90,1.11,0,1951,0.0,,,,,,
TRIP13_MUT,False,0,90,0.0,4,1951,0.21,,,,0.0,,
TSC1_AMP,True,0,260,0.0,1,5342,0.02,,,,0.0,,
TSC1_HOMDEL,True,0,260,0.0,1,5342,0.02,,,,0.0,,
TSC1_HOMDEL_OR_DEEP,True,0,260,0.0,1,5342,0.02,,,,0.0,,
TSC2_AMP,True,0,260,0.0,3,5342,0.06,,,,0.0,,
TSC2_HOMDEL,True,1,260,0.38,2,5342,0.04,10.273,0.934,112.933,10.309,,
TSC2_HOMDEL_OR_DEEP,True,1,260,0.38,3,5342,0.06,6.849,0.715,65.618,6.871,,
TSHR_HOMDEL,True,0,260,0.0,2,5342,0.04,,,,0.0,,
TSHR_HOMDEL_OR_DEEP,True,0,260,0.0,2,5342,0.04,,,,0.0,,
U2AF1_HOMDEL,True,1,260,0.38,3,5342,0.06,6.849,0.715,65.618,6.871,,
UPF1_AMP,False,0,211,0.0,4,4469,0.09,,,,0.0,,
USP8_HOMDEL,False,0,90,0.0,1,1951,0.05,,,,0.0,,
USP8_HOMDEL_OR_DEEP,False,0,90,0.0,1,1951,0.05,,,,0.0,,
VTCN1_AMP,True,0,260,0.0,4,5342,0.07,,,,0.0,,
VTCN1_HOMDEL,True,0,260,0.0,3,5342,0.06,,,,0.0,,
VTCN1_HOMDEL_OR_DEEP,True,0,260,0.0,3,5342,0.06,,,,0.0,,
WHR1_AMP,False,0,211,0.0,2,4469,0.04,,,,0.0,,
WT1_AMP,True,0,260,0.0,2,5342,0.04,,,,0.0,,
WT1_HOMDEL,True,0,260,0.0,1,5342,0.02,,,,0.0,,
WT1_HOMDEL_OR_DEEP,True,0,260,0.0,1,5342,0.02,,,,0.0,,
WWTR1_HOMDEL_OR_DEEP,False,0,211,0.0,1,4469,0.02,,,,0.0,,
XPO1_AMP,True,0,260,0.0,2,5342,0.04,,,,0.0,,
YES1_HOMDEL,True,0,260,0.0,4,5342,0.07,,,,0.0,,
YES1_HOMDEL_OR_DEEP,True,0,260,0.0,4,5342,0.07,,,,0.0,,
ZFHX3_AMP,False,0,251,0.0,2,5183,0.04,,,,0.0,,
ZFHX3_HOMDEL_OR_DEEP,False,0,251,0.0,1,5183,0.02,,,,0.0,,
ZNRF3_AMP,False,0,90,0.0,2,1951,0.1,,,,0.0,,
ZNRF3_HOMDEL,False,3,90,3.33,2,1951,0.1,32.517,5.502,192.185,33.603,,
ZRSR2_HOMDEL,False,1,251,0.4,4,5183,0.08,5.162,0.579,46.02,5.179,,
