feature,rule,x_braf,n_braf,pct_braf,x_ctrl,n_ctrl,pct_ctrl,prev_ratio,pr_lo,pr_hi,odds_ratio,p,q
KRAS_MUT,carrier,2,260,0.77,2544,5342,47.62,0.016,0.004,0.064,0.009,8.437041397183788e-67,6.277158799504738e-64
KRAS_MUT,first-sample,0,260,0.0,2533,5343,47.41,,,,0.0,7.113151109637288e-71,5.164147705596671e-68
NRAS_MUT,carrier,1,260,0.38,222,5342,4.16,0.093,0.013,0.657,0.089,0.00047971838979816224,0.018784762211043828
NRAS_MUT,first-sample,0,260,0.0,221,5343,4.14,,,,0.0,4.8648791351981596e-05,0.002207438907596165
APC_MUT,carrier,81,260,31.15,4266,5342,79.86,0.39,0.325,0.468,0.114,1.3709541324293018e-60,5.099949372637003e-58
APC_MUT,first-sample,81,260,31.15,4257,5343,79.67,0.391,0.326,0.469,0.115,5.112102829578419e-60,1.855693327136966e-57
AMER1_MUT,carrier,3,260,1.15,300,5342,5.62,0.205,0.066,0.636,0.196,0.0006014269263135176,0.02130769681796462
AMER1_MUT,first-sample,3,260,1.15,296,5343,5.54,0.208,0.067,0.645,0.199,0.0005868914263245491,0.021304158775581134
RNF43_MUT,carrier,58,260,22.31,127,5342,2.38,9.383,7.059,12.472,11.79,3.419650135391384e-34,8.480732335770632e-32
RNF43_MUT,first-sample,58,260,22.31,125,5343,2.34,9.535,7.167,12.685,11.986,1.7154785344689269e-34,4.151458053414803e-32
AKT1_MUT,carrier,15,260,5.77,41,5342,0.77,7.517,4.216,13.401,7.916,1.961019966836168e-08,2.9179977106522177e-06
AKT1_MUT,first-sample,15,260,5.77,41,5343,0.77,7.518,4.217,13.404,7.917,1.9563848048178927e-08,2.84067073659558e-06
TGFBR2_MUT,carrier,15,260,5.77,75,5342,1.4,4.109,2.394,7.053,4.3,1.329020284324046e-05,0.0008989009923064457
TGFBR2_MUT,first-sample,15,260,5.77,75,5343,1.4,4.11,2.395,7.054,4.3,1.3262228472541534e-05,0.0009387335258113659
SMAD4_MUT,carrier,60,260,23.08,788,5342,14.75,1.564,1.242,1.971,1.734,0.0005121213591677267,0.019050914561039432
SMAD4_MUT,first-sample,60,260,23.08,779,5343,14.58,1.583,1.256,1.995,1.758,0.00035218007434527446,0.013456985998666805
MYC_AMP,carrier,28,260,10.77,271,5342,5.07,2.123,1.468,3.069,2.258,0.00031764228422540057,0.013129214414649891
MYC_AMP,first-sample,27,260,10.38,251,5343,4.7,2.211,1.516,3.223,2.351,0.0002021804908206133,0.008154613129764737
SRC_AMP,carrier,0,260,0.0,258,5342,4.83,,,,0.0,5.738830272877076e-06,0.0004844231762630922
SRC_AMP,first-sample,0,260,0.0,247,5343,4.62,,,,0.0,1.422323523956615e-05,0.0009387335258113659
ASXL1_AMP,carrier,0,260,0.0,282,5342,5.28,,,,0.0,1.626729613734144e-06,0.0001728981189454576
ASXL1_AMP,first-sample,0,260,0.0,272,5343,5.09,,,,0.0,4.032050417118763e-06,0.0004181812289754603
DNMT3B_AMP,carrier,0,260,0.0,261,5342,4.89,,,,0.0,5.859957777376115e-06,0.0004844231762630922
DNMT3B_AMP,first-sample,0,260,0.0,253,5343,4.74,,,,0.0,8.952285772591284e-06,0.000812419933862659
TOP1_AMP,carrier,0,260,0.0,198,5342,3.71,,,,0.0,0.00010596408767595172,0.004927330076931755
TOP1_AMP,first-sample,0,260,0.0,192,5343,3.59,,,,0.0,0.00016041247066303426,0.006850556100080169
